date,total_sales,total_promotion,active_stores,product_families,oil_price,is_holiday,year,month,day,day_of_week,week_of_year,is_weekend
2013-01-01,2511.618999,0,54,33,93.14,1,2013,1,1,1,1,0
2013-01-02,496092.417944,0,54,33,93.14,0,2013,1,2,2,1,0
2013-01-03,361461.231124,0,54,33,92.97,0,2013,1,3,3,1,0
2013-01-04,354459.6770927,0,54,33,93.12,0,2013,1,4,4,1,0
2013-01-05,477350.121229,0,54,33,,1,2013,1,5,5,1,1
2013-01-06,519695.401088,0,54,33,,0,2013,1,6,6,1,1
2013-01-07,336122.801066,0,54,33,93.2,0,2013,1,7,0,2,0
2013-01-08,318347.777981,0,54,33,93.21,0,2013,1,8,1,2,0
2013-01-09,302530.809018,0,54,33,93.08,0,2013,1,9,2,2,0
2013-01-10,258982.003049,0,54,33,93.81,0,2013,1,10,3,2,0
2013-01-11,289737.6850845,0,54,33,93.6,0,2013,1,11,4,2,0
2013-01-12,403258.2120105,0,54,33,,1,2013,1,12,5,2,1
2013-01-13,464638.547998,0,54,33,,0,2013,1,13,6,2,1
2013-01-14,293348.362078,0,54,33,94.27,0,2013,1,14,0,3,0
2013-01-15,299129.549954,0,54,33,93.26,0,2013,1,15,1,3,0
2013-01-16,318347.913946,0,54,33,94.28,0,2013,1,16,2,3,0
2013-01-17,267498.5159755,0,54,33,95.49,0,2013,1,17,3,3,0
2013-01-18,296130.850028,0,54,33,95.61,0,2013,1,18,4,3,0
2013-01-19,432459.852021,0,54,33,,0,2013,1,19,5,3,1
2013-01-20,461092.386047,0,54,33,,0,2013,1,20,6,3,1
2013-01-21,311211.26595000003,0,54,33,95.85,0,2013,1,21,0,4,0
2013-01-22,296214.728983,0,54,33,96.09,0,2013,1,22,1,4,0
2013-01-23,283258.4530325,0,54,33,95.06,0,2013,1,23,2,4,0
2013-01-24,247245.690995,0,54,33,95.35,0,2013,1,24,3,4,0
2013-01-25,290022.77193,0,54,33,95.15,0,2013,1,25,4,4,0
2013-01-26,413799.7679753,0,54,33,,0,2013,1,26,5,4,1
2013-01-27,430411.991233,0,54,33,,0,2013,1,27,6,4,1
2013-01-28,285460.169953,0,54,33,95.95,0,2013,1,28,0,5,0
2013-01-29,264488.81807649997,0,54,33,97.62,0,2013,1,29,1,5,0
2013-01-30,281061.127052,0,54,33,97.98,0,2013,1,30,2,5,0
2013-01-31,271254.217996,0,54,33,97.65,0,2013,1,31,3,5,0
2013-02-01,369402.055266,0,54,33,97.46,0,2013,2,1,4,5,0
2013-02-02,518887.462705,0,54,33,,0,2013,2,2,5,5,1
2013-02-03,486336.82018,0,54,33,,0,2013,2,3,6,5,1
2013-02-04,344308.715017,0,54,33,96.21,0,2013,2,4,0,6,0
2013-02-05,321245.83913,0,54,33,96.68,0,2013,2,5,1,6,0
2013-02-06,321538.177149,0,54,33,96.44,0,2013,2,6,2,6,0
2013-02-07,290807.530973,0,54,33,95.84,0,2013,2,7,3,6,0
2013-02-08,347441.789912,0,54,33,95.71,0,2013,2,8,4,6,0
2013-02-09,416176.2790747,0,54,33,,0,2013,2,9,5,6,1
2013-02-10,300951.328993,0,54,33,,0,2013,2,10,6,6,1
2013-02-11,278627.588926,0,54,33,97.01,1,2013,2,11,0,7,0
2013-02-12,308800.7909121,0,54,33,97.48,1,2013,2,12,1,7,0
2013-02-13,319597.929962,0,54,33,97.03,0,2013,2,13,2,7,0
2013-02-14,308164.016957,0,54,33,97.3,0,2013,2,14,3,7,0
2013-02-15,320168.883912,0,54,33,95.95,0,2013,2,15,4,7,0
2013-02-16,485660.494008,0,54,33,,0,2013,2,16,5,7,1
2013-02-17,399588.910014,0,54,33,,0,2013,2,17,6,7,1
2013-02-18,350745.573191,0,54,33,96.32,0,2013,2,18,0,8,0
2013-02-19,293637.801951,0,54,33,96.69,0,2013,2,19,1,8,0
2013-02-20,313803.162034,0,54,33,94.92,0,2013,2,20,2,8,0
2013-02-21,267711.1090155,0,54,33,92.79,0,2013,2,21,3,8,0
2013-02-22,285679.869131,0,54,33,93.12,0,2013,2,22,4,8,0
2013-02-23,412897.349113,0,54,33,,0,2013,2,23,5,8,1
2013-02-24,452726.126103,0,54,33,,0,2013,2,24,6,8,1
2013-02-25,307110.875933,0,54,33,92.74,0,2013,2,25,0,9,0
2013-02-26,270425.0070675,0,54,33,92.63,0,2013,2,26,1,9,0
2013-02-27,288401.998919,0,54,33,92.84,0,2013,2,27,2,9,0
2013-02-28,278116.291888,0,54,33,92.03,0,2013,2,28,3,9,0
2013-03-01,378898.165064,0,54,33,90.71,0,2013,3,1,4,9,0
2013-03-02,547857.205258,0,54,33,,1,2013,3,2,5,9,1
2013-03-03,559820.580027,0,54,33,,0,2013,3,3,6,9,1
2013-03-04,383647.679097,0,54,33,90.13,0,2013,3,4,0,10,0
2013-03-05,332189.993189,0,54,33,90.88,0,2013,3,5,1,10,0
2013-03-06,335726.580968,0,54,33,90.47,0,2013,3,6,2,10,0
2013-03-07,293099.52701,0,54,33,91.53,0,2013,3,7,3,10,0
2013-03-08,316600.679967,0,54,33,92.01,0,2013,3,8,4,10,0
2013-03-09,453259.496866,0,54,33,,0,2013,3,9,5,10,1
2013-03-10,461859.756153,0,54,33,,0,2013,3,10,6,10,1
2013-03-11,318379.133021,0,54,33,92.07,0,2013,3,11,0,11,0
2013-03-12,271823.37801,0,54,33,92.44,0,2013,3,12,1,11,0
2013-03-13,287869.663972,0,54,33,92.47,0,2013,3,13,2,11,0
2013-03-14,247541.420096,0,54,33,93.03,0,2013,3,14,3,11,0
2013-03-15,315878.090213,0,54,33,93.49,0,2013,3,15,4,11,0
2013-03-16,482233.433961,0,54,33,,0,2013,3,16,5,11,1
2013-03-17,513439.584913,0,54,33,,0,2013,3,17,6,11,1
2013-03-18,330283.80303,0,54,33,93.71,0,2013,3,18,0,12,0
2013-03-19,294020.245897,0,54,33,92.44,0,2013,3,19,1,12,0
2013-03-20,321207.006946,0,54,33,93.21,0,2013,3,20,2,12,0
2013-03-21,269130.127953,0,54,33,92.46,0,2013,3,21,3,12,0
2013-03-22,304100.453969,0,54,33,93.41,0,2013,3,22,4,12,0
2013-03-23,453192.003086,0,54,33,,0,2013,3,23,5,12,1
2013-03-24,449794.636951,0,54,33,,0,2013,3,24,6,12,1
2013-03-25,317559.6099585,0,54,33,94.55,0,2013,3,25,0,13,0
2013-03-26,275818.2359,0,54,33,95.99,0,2013,3,26,1,13,0
2013-03-27,313691.148998,0,54,33,96.53,0,2013,3,27,2,13,0
2013-03-28,339293.269022,0,54,33,97.24,0,2013,3,28,3,13,0
2013-03-29,345513.132,0,54,33,97.16999999999999,0,2013,3,29,4,13,0
2013-03-30,452661.356036,0,54,33,,0,2013,3,30,5,13,1
2013-03-31,462107.639956,0,54,33,,0,2013,3,31,6,13,1
2013-04-01,428816.447912,0,54,33,97.1,1,2013,4,1,0,14,0
2013-04-02,377732.827961,0,54,33,97.23,0,2013,4,2,1,14,0
2013-04-03,373731.0758793,0,54,33,95.02,0,2013,4,3,2,14,0
2013-04-04,308738.385963,0,54,33,93.26,0,2013,4,4,3,14,0
2013-04-05,336394.782031,0,54,33,92.76,0,2013,4,5,4,14,0
2013-04-06,509424.214023,0,54,33,,0,2013,4,6,5,14,1
2013-04-07,519048.376884,0,54,33,,0,2013,4,7,6,14,1
2013-04-08,346649.815943,0,54,33,93.36,0,2013,4,8,0,15,0
2013-04-09,306335.8019617,0,54,33,94.18,0,2013,4,9,1,15,0
2013-04-10,312846.374941,0,54,33,94.59,0,2013,4,10,2,15,0
2013-04-11,303223.41301,0,54,33,93.44,0,2013,4,11,3,15,0
2013-04-12,314394.967035,0,54,33,91.23,1,2013,4,12,4,15,0
2013-04-13,453442.497048,0,54,33,,0,2013,4,13,5,15,1
2013-04-14,478417.148813,0,54,33,,1,2013,4,14,6,15,1
2013-04-15,338712.458055,0,54,33,88.75,0,2013,4,15,0,16,0
2013-04-16,333431.880049,0,54,33,88.73,0,2013,4,16,1,16,0
2013-04-17,334990.518942,0,54,33,86.65,0,2013,4,17,2,16,0
2013-04-18,281924.509951,0,54,33,87.83,0,2013,4,18,3,16,0
2013-04-19,311588.70494,0,54,33,88.04,0,2013,4,19,4,16,0
2013-04-20,459884.838043,0,54,33,,0,2013,4,20,5,16,1
2013-04-21,485721.032087,0,54,33,,1,2013,4,21,6,16,1
2013-04-22,328886.320986,0,54,33,88.81,0,2013,4,22,0,17,0
2013-04-23,302097.8329435,0,54,33,89.21,0,2013,4,23,1,17,0
2013-04-24,310555.184925,0,54,33,91.07,0,2013,4,24,2,17,0
2013-04-25,268790.618996,0,54,33,93.27,0,2013,4,25,3,17,0
2013-04-26,304413.556952,0,54,33,92.63,0,2013,4,26,4,17,0
2013-04-27,446665.337895,0,54,33,,0,2013,4,27,5,17,1
2013-04-28,477623.4729303,0,54,33,,0,2013,4,28,6,17,1
2013-04-29,328795.874018,0,54,33,94.09,1,2013,4,29,0,18,0
2013-04-30,310186.466894,0,54,33,93.22,0,2013,4,30,1,18,0
2013-05-01,507974.636889,0,54,33,90.74,1,2013,5,1,2,18,0
2013-05-02,348709.460063,0,54,33,93.7,0,2013,5,2,3,18,0
2013-05-03,374291.2510323,0,54,33,95.25,0,2013,5,3,4,18,0
2013-05-04,520339.51596499997,0,54,33,,0,2013,5,4,5,18,1
2013-05-05,580268.550981,0,54,33,,0,2013,5,5,6,18,1
2013-05-06,369869.383046,0,54,33,95.8,0,2013,5,6,0,19,0
2013-05-07,317292.964148,0,54,33,95.28,0,2013,5,7,1,19,0
2013-05-08,332477.410968,0,54,33,96.24,0,2013,5,8,2,19,0
2013-05-09,305868.0570225,0,54,33,96.09,0,2013,5,9,3,19,0
2013-05-10,335937.441949,0,54,33,95.81,0,2013,5,10,4,19,0
2013-05-11,512090.58108,0,54,33,,1,2013,5,11,5,19,1
2013-05-12,387860.5050145,0,54,33,,1,2013,5,12,6,19,1
2013-05-13,350598.06187,0,54,33,94.76,0,2013,5,13,0,20,0
2013-05-14,308469.313119,0,54,33,93.96,0,2013,5,14,1,20,0
2013-05-15,329113.560081,0,54,33,93.95,0,2013,5,15,2,20,0
2013-05-16,307556.946937,0,54,33,94.85,0,2013,5,16,3,20,0
2013-05-17,330004.241998,0,54,33,95.72,0,2013,5,17,4,20,0
2013-05-18,480969.558942,0,54,33,,0,2013,5,18,5,20,1
2013-05-19,518153.554009,0,54,33,,0,2013,5,19,6,20,1
2013-05-20,341787.214991,0,54,33,96.29,0,2013,5,20,0,21,0
2013-05-21,307178.399952,0,54,33,95.55,0,2013,5,21,1,21,0
2013-05-22,301785.4831075,0,54,33,93.98,0,2013,5,22,2,21,0
2013-05-23,289261.058026,0,54,33,94.12,0,2013,5,23,3,21,0
2013-05-24,398389.241982,0,54,33,93.84,1,2013,5,24,4,21,0
2013-05-25,417930.141993,0,54,33,,0,2013,5,25,5,21,1
2013-05-26,450631.400068,0,54,33,,0,2013,5,26,6,21,1
2013-05-27,321630.8309235,0,54,33,94.245,0,2013,5,27,0,22,0
2013-05-28,307329.1680565,0,54,33,94.65,0,2013,5,28,1,22,0
2013-05-29,309333.380899,0,54,33,93.13,0,2013,5,29,2,22,0
2013-05-30,304344.849939,0,54,33,93.57,0,2013,5,30,3,22,0
2013-05-31,330257.841975,0,54,33,91.93,0,2013,5,31,4,22,0
2013-06-01,566901.814988,0,54,33,,0,2013,6,1,5,22,1
2013-06-02,637698.494958,0,54,33,,0,2013,6,2,6,22,1
2013-06-03,426332.097995,0,54,33,93.41,0,2013,6,3,0,23,0
2013-06-04,369705.160085,0,54,33,93.36,0,2013,6,4,1,23,0
2013-06-05,361791.080915,0,54,33,93.66,0,2013,6,5,2,23,0
2013-06-06,317496.765891,0,54,33,94.71,0,2013,6,6,3,23,0
2013-06-07,357673.087977,0,54,33,96.11,0,2013,6,7,4,23,0
2013-06-08,466292.699096,0,54,33,,0,2013,6,8,5,23,1
2013-06-09,526804.730256,0,54,33,,0,2013,6,9,6,23,1
2013-06-10,349754.291978,0,54,33,95.82,0,2013,6,10,0,24,0
2013-06-11,283858.2159925,0,54,33,95.5,0,2013,6,11,1,24,0
2013-06-12,320173.5779987,0,54,33,95.98,0,2013,6,12,2,24,0
2013-06-13,282886.9200452,0,54,33,96.66,0,2013,6,13,3,24,0
2013-06-14,326956.74210719997,0,54,33,97.83,0,2013,6,14,4,24,0
2013-06-15,505950.6668701,0,54,33,,0,2013,6,15,5,24,1
2013-06-16,435894.082881,0,54,33,,0,2013,6,16,6,24,1
2013-06-17,370944.271024,0,54,33,97.86,0,2013,6,17,0,25,0
2013-06-18,320885.3399215,0,54,33,98.46,0,2013,6,18,1,25,0
2013-06-19,319235.25797700003,0,54,33,98.24,0,2013,6,19,2,25,0
2013-06-20,293877.944015,0,54,33,94.89,0,2013,6,20,3,25,0
2013-06-21,319722.6870265,0,54,33,93.81,0,2013,6,21,4,25,0
2013-06-22,446347.312096,0,54,33,,0,2013,6,22,5,25,1
2013-06-23,504964.845142,0,54,33,,1,2013,6,23,6,25,1
2013-06-24,336631.9640383,0,54,33,95.07,0,2013,6,24,0,26,0
2013-06-25,305119.530064,0,54,33,95.25,1,2013,6,25,1,26,0
2013-06-26,301847.2489636,0,54,33,95.47,0,2013,6,26,2,26,0
2013-06-27,266525.458966,0,54,33,97.0,0,2013,6,27,3,26,0
2013-06-28,324210.971803,0,54,33,96.36,0,2013,6,28,4,26,0
2013-06-29,509379.108146,0,54,33,,0,2013,6,29,5,26,1
2013-06-30,533481.693027,0,54,33,,0,2013,6,30,6,26,1
2013-07-01,441758.3880965,0,54,33,97.94,0,2013,7,1,0,27,0
2013-07-02,390958.38408,0,54,33,99.65,0,2013,7,2,1,27,0
2013-07-03,374551.917949,0,54,33,101.92,1,2013,7,3,2,27,0
2013-07-04,327020.179028,0,54,33,102.505,0,2013,7,4,3,27,0
2013-07-05,351401.500074,0,54,33,103.09,0,2013,7,5,4,27,0
2013-07-06,479514.493924,0,54,33,,0,2013,7,6,5,27,1
2013-07-07,500606.073078,0,54,33,,0,2013,7,7,6,27,1
2013-07-08,365452.995017,0,54,33,103.03,0,2013,7,8,0,28,0
2013-07-09,317279.1449993,0,54,33,103.46,0,2013,7,9,1,28,0
2013-07-10,314134.886071,0,54,33,106.41,0,2013,7,10,2,28,0
2013-07-11,281750.931023,0,54,33,104.77,0,2013,7,11,3,28,0
2013-07-12,308786.438133,0,54,33,105.85,0,2013,7,12,4,28,0
2013-07-13,432569.1022205,0,54,33,,0,2013,7,13,5,28,1
2013-07-14,438722.417857,0,54,33,,0,2013,7,14,6,28,1
2013-07-15,348803.0469486,0,54,33,106.2,0,2013,7,15,0,29,0
2013-07-16,335516.229006,0,54,33,105.88,0,2013,7,16,1,29,0
2013-07-17,324313.8180255,0,54,33,106.39,0,2013,7,17,2,29,0
2013-07-18,287074.8739522,0,54,33,107.94,0,2013,7,18,3,29,0
2013-07-19,313332.555049,0,54,33,108.0,0,2013,7,19,4,29,0
2013-07-20,435497.731013,0,54,33,,0,2013,7,20,5,29,1
2013-07-21,437952.624049,0,54,33,,0,2013,7,21,6,29,1
2013-07-22,342802.29905,0,54,33,106.61,0,2013,7,22,0,30,0
2013-07-23,316257.463107,0,54,33,107.13,1,2013,7,23,1,30,0
2013-07-24,309243.7899995,0,54,33,105.41,1,2013,7,24,2,30,0
2013-07-25,298074.2249247,0,54,33,105.47,1,2013,7,25,3,30,0
2013-07-26,318745.692921,0,54,33,104.76,0,2013,7,26,4,30,0
2013-07-27,423890.5020012,0,54,33,,0,2013,7,27,5,30,1
2013-07-28,433358.6520873,0,54,33,,0,2013,7,28,6,30,1
2013-07-29,331493.2850525,0,54,33,104.61,0,2013,7,29,0,31,0
2013-07-30,318553.989932,0,54,33,103.14,0,2013,7,30,1,31,0
2013-07-31,357982.979012,0,54,33,105.1,0,2013,7,31,2,31,0
2013-08-01,397555.3181021,0,54,33,107.93,0,2013,8,1,3,31,0
2013-08-02,393831.120007,0,54,33,106.94,0,2013,8,2,4,31,0
2013-08-03,516956.846013,0,54,33,,0,2013,8,3,5,31,1
2013-08-04,514267.27594,0,54,33,,0,2013,8,4,6,31,1
2013-08-05,407033.810946,0,54,33,106.61,1,2013,8,5,0,32,0
2013-08-06,357263.854086,0,54,33,105.32,0,2013,8,6,1,32,0
2013-08-07,351302.132003,0,54,33,104.41,0,2013,8,7,2,32,0
2013-08-08,310953.0239315,0,54,33,103.45,0,2013,8,8,3,32,0
2013-08-09,337521.667868,0,54,33,106.04,0,2013,8,9,4,32,0
2013-08-10,434184.94409,0,54,33,,1,2013,8,10,5,32,1
2013-08-11,434720.3230013,0,54,33,,0,2013,8,11,6,32,1
2013-08-12,349539.224033,0,54,33,106.19,0,2013,8,12,0,33,0
2013-08-13,317103.331061,0,54,33,106.78,0,2013,8,13,1,33,0
2013-08-14,324377.386893,0,54,33,106.89,0,2013,8,14,2,33,0
2013-08-15,311043.17291,0,54,33,107.43,1,2013,8,15,3,33,0
2013-08-16,364487.3218839,0,54,33,107.58,0,2013,8,16,4,33,0
2013-08-17,448835.3109167,0,54,33,,0,2013,8,17,5,33,1
2013-08-18,464053.7730675,0,54,33,,0,2013,8,18,6,33,1
2013-08-19,362085.52696,0,54,33,107.14,0,2013,8,19,0,34,0
2013-08-20,343046.11398,0,54,33,104.9,0,2013,8,20,1,34,0
2013-08-21,335724.643932,0,54,33,103.93,0,2013,8,21,2,34,0
2013-08-22,306473.26098,0,54,33,104.93,0,2013,8,22,3,34,0
2013-08-23,331906.369098,0,54,33,106.48,0,2013,8,23,4,34,0
2013-08-24,420576.154994,0,54,33,,1,2013,8,24,5,34,1
2013-08-25,443694.093754,0,54,33,,0,2013,8,25,6,34,1
2013-08-26,347159.6410143,0,54,33,105.88,0,2013,8,26,0,35,0
2013-08-27,319688.2190185,0,54,33,109.11,0,2013,8,27,1,35,0
2013-08-28,319322.060993,0,54,33,110.17,0,2013,8,28,2,35,0
2013-08-29,294518.685943,0,54,33,108.51,0,2013,8,29,3,35,0
2013-08-30,354932.930947,0,54,33,107.98,0,2013,8,30,4,35,0
2013-08-31,523631.3811059,0,54,33,,0,2013,8,31,5,35,1
2013-09-01,640406.221875,0,54,33,,0,2013,9,1,6,35,1
2013-09-02,458792.960966,0,54,33,108.325,0,2013,9,2,0,36,0
2013-09-03,397680.420032,0,54,33,108.67,0,2013,9,3,1,36,0
2013-09-04,392565.48591,0,54,33,107.29,0,2013,9,4,2,36,0
2013-09-05,330622.779063,0,54,33,108.5,0,2013,9,5,3,36,0
2013-09-06,335442.247929,0,54,33,110.62,0,2013,9,6,4,36,0
2013-09-07,518584.247,0,54,33,,0,2013,9,7,5,36,1
2013-09-08,560852.005091,0,54,33,,0,2013,9,8,6,36,1
2013-09-09,377151.7070027,0,54,33,109.62,0,2013,9,9,0,37,0
2013-09-10,308074.4658225,0,54,33,107.48,0,2013,9,10,1,37,0
2013-09-11,323124.61885,0,54,33,107.65,0,2013,9,11,2,37,0
2013-09-12,282855.730937,0,54,33,108.72,0,2013,9,12,3,37,0
2013-09-13,319556.942029,0,54,33,108.31,0,2013,9,13,4,37,0
2013-09-14,476364.004996,0,54,33,,0,2013,9,14,5,37,1
2013-09-15,532852.959041,0,54,33,,0,2013,9,15,6,37,1
2013-09-16,373229.840879,0,54,33,106.54,0,2013,9,16,0,38,0
2013-09-17,327282.949966,0,54,33,105.36,0,2013,9,17,1,38,0
2013-09-18,315687.718926,0,54,33,108.23,0,2013,9,18,2,38,0
2013-09-19,279580.372008,0,54,33,106.26,0,2013,9,19,3,38,0
2013-09-20,331846.9039701,0,54,33,104.7,0,2013,9,20,4,38,0
2013-09-21,468298.380896,0,54,33,,0,2013,9,21,5,38,1
2013-09-22,502068.7019007,0,54,33,,0,2013,9,22,6,38,1
2013-09-23,356043.0340047,0,54,33,103.62,0,2013,9,23,0,39,0
2013-09-24,303333.392926,0,54,33,103.22,0,2013,9,24,1,39,0
2013-09-25,312490.104996,0,54,33,102.68,0,2013,9,25,2,39,0
2013-09-26,273057.8798588,0,54,33,103.1,0,2013,9,26,3,39,0
2013-09-27,320246.574024,0,54,33,102.86,0,2013,9,27,4,39,0
2013-09-28,484903.6890081,0,54,33,,1,2013,9,28,5,39,1
2013-09-29,522868.441946,0,54,33,,0,2013,9,29,6,39,1
2013-09-30,367068.4500143,0,54,33,102.36,0,2013,9,30,0,40,0
2013-10-01,436441.034076,0,54,33,102.09,0,2013,10,1,1,40,0
2013-10-02,414455.6550375,0,54,33,104.15,0,2013,10,2,2,40,0
2013-10-03,348933.24703,0,54,33,103.29,0,2013,10,3,3,40,0
2013-10-04,378109.978059,0,54,33,103.83,0,2013,10,4,4,40,0
2013-10-05,540156.625057,0,54,33,,0,2013,10,5,5,40,1
2013-10-06,553031.424016,0,54,33,,0,2013,10,6,6,40,1
2013-10-07,373387.109043,0,54,33,103.07,1,2013,10,7,0,41,0
2013-10-08,326726.7240121,0,54,33,103.54,0,2013,10,8,1,41,0
2013-10-09,322529.418957,0,54,33,101.63,1,2013,10,9,2,41,0
2013-10-10,305047.0980576,0,54,33,103.08,0,2013,10,10,3,41,0
2013-10-11,402913.849028,0,54,33,102.17,1,2013,10,11,4,41,0
2013-10-12,426379.6909939,0,54,33,,0,2013,10,12,5,41,1
2013-10-13,481781.2559686,0,54,33,,0,2013,10,13,6,41,1
2013-10-14,342694.7209944,0,54,33,102.46,0,2013,10,14,0,42,0
2013-10-15,305242.569986,0,54,33,101.15,0,2013,10,15,1,42,0
2013-10-16,355696.963943,0,54,33,102.34,0,2013,10,16,2,42,0
2013-10-17,312949.412961,0,54,33,100.72,0,2013,10,17,3,42,0
2013-10-18,323327.873107,0,54,33,100.87,0,2013,10,18,4,42,0
2013-10-19,488245.570001,0,54,33,,0,2013,10,19,5,42,1
2013-10-20,537713.5090483,0,54,33,,0,2013,10,20,6,42,1
2013-10-21,348721.327971,0,54,33,99.28,0,2013,10,21,0,43,0
2013-10-22,301641.7850828,0,54,33,97.63,0,2013,10,22,1,43,0
2013-10-23,323105.11598,0,54,33,96.9,0,2013,10,23,2,43,0
2013-10-24,276059.0800025,0,54,33,96.65,0,2013,10,24,3,43,0
2013-10-25,317570.4260338,0,54,33,97.4,0,2013,10,25,4,43,0
2013-10-26,452902.363914,0,54,33,,0,2013,10,26,5,43,1
2013-10-27,512891.4830689,0,54,33,,0,2013,10,27,6,43,1
2013-10-28,346941.91396,0,54,33,98.74,0,2013,10,28,0,44,0
2013-10-29,302332.9969864,0,54,33,98.29,0,2013,10,29,1,44,0
2013-10-30,319494.7050373,0,54,33,96.81,0,2013,10,30,2,44,0
2013-10-31,298195.433106,0,54,33,96.29,0,2013,10,31,3,44,0
2013-11-01,403637.232955,0,54,33,94.56,0,2013,11,1,4,44,0
2013-11-02,540615.555037,0,54,33,,1,2013,11,2,5,44,1
2013-11-03,602796.556029,0,54,33,,1,2013,11,3,6,44,1
2013-11-04,424314.167046,0,54,33,94.58,0,2013,11,4,0,45,0
2013-11-05,393322.182909,0,54,33,93.4,0,2013,11,5,1,45,0
2013-11-06,386426.9788195,0,54,33,94.74,1,2013,11,6,2,45,0
2013-11-07,346293.3400477,0,54,33,94.25,1,2013,11,7,3,45,0
2013-11-08,358473.978049,0,54,33,94.56,0,2013,11,8,4,45,0
2013-11-09,513850.32307,0,54,33,,0,2013,11,9,5,45,1
2013-11-10,587666.490239,0,54,33,,1,2013,11,10,6,45,1
2013-11-11,374087.890067,0,54,33,95.13,1,2013,11,11,0,46,0
2013-11-12,373277.748034,0,54,33,93.12,1,2013,11,12,1,46,0
2013-11-13,332279.2568851,0,54,33,93.91,0,2013,11,13,2,46,0
2013-11-14,284567.4029707,0,54,33,93.76,0,2013,11,14,3,46,0
2013-11-15,349383.296052,0,54,33,93.8,0,2013,11,15,4,46,0
2013-11-16,524065.5881155,0,54,33,,0,2013,11,16,5,46,1
2013-11-17,579209.228924,0,54,33,,0,2013,11,17,6,46,1
2013-11-18,391945.551999,0,54,33,93.03,0,2013,11,18,0,47,0
2013-11-19,329455.2710234,0,54,33,93.35,0,2013,11,19,1,47,0
2013-11-20,354337.734795,0,54,33,93.34,0,2013,11,20,2,47,0
2013-11-21,298047.047965,0,54,33,95.35,0,2013,11,21,3,47,0
2013-11-22,340734.213038,0,54,33,94.53,0,2013,11,22,4,47,0
2013-11-23,485544.298837,0,54,33,,0,2013,11,23,5,47,1
2013-11-24,550925.293106,0,54,33,,0,2013,11,24,6,47,1
2013-11-25,365965.5090102,0,54,33,93.86,0,2013,11,25,0,48,0
2013-11-26,323292.830024,0,54,33,93.41,0,2013,11,26,1,48,0
2013-11-27,337083.286026,0,54,33,92.05,0,2013,11,27,2,48,0
2013-11-28,305982.981947,0,54,33,92.3,0,2013,11,28,3,48,0
2013-11-29,357000.404165,0,54,33,92.55,0,2013,11,29,4,48,0
2013-11-30,541977.655801,0,54,33,,0,2013,11,30,5,48,1
2013-12-01,698217.128989,0,54,33,,0,2013,12,1,6,48,1
2013-12-02,495488.366984,0,54,33,93.61,0,2013,12,2,0,49,0
2013-12-03,424438.046973,0,54,33,95.83,0,2013,12,3,1,49,0
2013-12-04,424147.0459855,0,54,33,96.97,0,2013,12,4,2,49,0
2013-12-05,386406.804985,0,54,33,97.14,1,2013,12,5,3,49,0
2013-12-06,432661.755068,0,54,33,97.48,1,2013,12,6,4,49,0
2013-12-07,537181.319801,0,54,33,,0,2013,12,7,5,49,1
2013-12-08,588855.895921,0,54,33,,1,2013,12,8,6,49,1
2013-12-09,442309.3141075,0,54,33,97.1,0,2013,12,9,0,50,0
2013-12-10,414421.695986,0,54,33,98.32,0,2013,12,10,1,50,0
2013-12-11,422957.198908,0,54,33,97.25,0,2013,12,11,2,50,0
2013-12-12,384256.080979,0,54,33,97.21,0,2013,12,12,3,50,0
2013-12-13,434657.0129787,0,54,33,96.27,0,2013,12,13,4,50,0
2013-12-14,554911.917024,0,54,33,,0,2013,12,14,5,50,1
2013-12-15,642015.7758165,0,54,33,,0,2013,12,15,6,50,1
2013-12-16,516060.290853,0,54,33,97.18,0,2013,12,16,0,51,0
2013-12-17,480470.71684249997,0,54,33,96.99,0,2013,12,17,1,51,0
2013-12-18,527481.336925,0,54,33,97.59,0,2013,12,18,2,51,0
2013-12-19,507461.038187,0,54,33,98.4,0,2013,12,19,3,51,0
2013-12-20,544104.2676365,0,54,33,99.11,0,2013,12,20,4,51,0
2013-12-21,685673.07474,0,54,33,,1,2013,12,21,5,51,1
2013-12-22,696295.146867,0,54,33,,1,2013,12,22,6,51,1
2013-12-23,792865.284427,0,54,33,98.62,1,2013,12,23,0,52,0
2013-12-24,620663.290732,0,54,33,98.87,1,2013,12,24,1,52,0
2013-12-26,470731.1624137,0,54,33,99.18,1,2013,12,26,3,52,0
2013-12-27,479314.968043,0,54,33,99.94,0,2013,12,27,4,52,0
2013-12-28,556952.3059789999,0,54,33,,0,2013,12,28,5,52,1
2013-12-29,499719.5049237,0,54,33,,0,2013,12,29,6,52,1
2013-12-30,635134.7358515,0,54,33,98.9,0,2013,12,30,0,1,0
2013-12-31,507264.6630475,0,54,33,98.17,1,2013,12,31,1,1,0
2014-01-01,8602.065404,0,54,33,96.655,1,2014,1,1,2,1,0
2014-01-02,801011.226041,0,54,33,95.14,0,2014,1,2,3,1,0
2014-01-03,680672.845603,0,54,33,93.66,0,2014,1,3,4,1,0
2014-01-04,936628.8866039,0,54,33,,0,2014,1,4,5,1,1
2014-01-05,949618.78894,0,54,33,,0,2014,1,5,6,1,1
2014-01-06,602268.564009,0,54,33,93.12,0,2014,1,6,0,2,0
2014-01-07,563450.5988595,0,54,33,93.31,0,2014,1,7,1,2,0
2014-01-08,636176.853478,0,54,33,91.9,0,2014,1,8,2,2,0
2014-01-09,496377.933414,0,54,33,91.36,0,2014,1,9,3,2,0
2014-01-10,543055.329066,0,54,33,92.39,0,2014,1,10,4,2,0
2014-01-11,787321.455619,0,54,33,,0,2014,1,11,5,2,1
2014-01-12,844633.598917,0,54,33,,0,2014,1,12,6,2,1
2014-01-13,555547.0150185,0,54,33,91.45,0,2014,1,13,0,3,0
2014-01-14,502643.104285,0,54,33,92.15,0,2014,1,14,1,3,0
2014-01-15,567067.469069,0,54,33,93.78,0,2014,1,15,2,3,0
2014-01-16,502789.214207,0,54,33,93.54,0,2014,1,16,3,3,0
2014-01-17,542937.915657,0,54,33,93.96,0,2014,1,17,4,3,0
2014-01-18,786779.8899055,0,54,33,,0,2014,1,18,5,3,1
2014-01-19,851735.334091,0,54,33,,0,2014,1,19,6,3,1
2014-01-20,575850.061871,0,54,33,94.235,0,2014,1,20,0,4,0
2014-01-21,538817.207912,0,54,33,94.51,0,2014,1,21,1,4,0
2014-01-22,553097.596874,0,54,33,96.35,0,2014,1,22,2,4,0
2014-01-23,460789.0398597,0,54,33,97.23,0,2014,1,23,3,4,0
2014-01-24,526124.572256,0,54,33,96.66,0,2014,1,24,4,4,0
2014-01-25,733880.979053,0,54,33,,0,2014,1,25,5,4,1
2014-01-26,814057.732862,0,54,33,,0,2014,1,26,6,4,1
2014-01-27,540798.833711,0,54,33,95.82,0,2014,1,27,0,5,0
2014-01-28,481593.435798,0,54,33,97.49,0,2014,1,28,1,5,0
2014-01-29,512853.989922,0,54,33,97.34,0,2014,1,29,2,5,0
2014-01-30,453642.9707033,0,54,33,98.25,0,2014,1,30,3,5,0
2014-01-31,560816.192394,0,54,33,97.55,0,2014,1,31,4,5,0
2014-02-01,648870.19898,0,54,33,,0,2014,2,1,5,5,1
2014-02-02,619805.537102,0,54,33,,0,2014,2,2,6,5,1
2014-02-03,461637.5229585,0,54,33,96.44,0,2014,2,3,0,6,0
2014-02-04,403189.5869763,0,54,33,97.24,0,2014,2,4,1,6,0
2014-02-05,399138.3059075,0,54,33,97.4,0,2014,2,5,2,6,0
2014-02-06,359139.101529,0,54,33,97.84,0,2014,2,6,3,6,0
2014-02-07,389471.568011,0,54,33,99.98,0,2014,2,7,4,6,0
2014-02-08,530128.059914,0,54,33,,0,2014,2,8,5,6,1
2014-02-09,520753.7470746,0,54,33,,0,2014,2,9,6,6,1
2014-02-10,396622.737011,0,54,33,100.12,0,2014,2,10,0,7,0
2014-02-11,358382.7339877,0,54,33,99.96,0,2014,2,11,1,7,0
2014-02-12,387758.393971,0,54,33,100.38,0,2014,2,12,2,7,0
2014-02-13,347373.2985675,0,54,33,100.27,0,2014,2,13,3,7,0
2014-02-14,361206.4069057,0,54,33,100.31,0,2014,2,14,4,7,0
2014-02-15,538893.357859,0,54,33,,0,2014,2,15,5,7,1
2014-02-16,595300.23508,0,54,33,,0,2014,2,16,6,7,1
2014-02-17,412029.2879535,0,54,33,101.42500000000001,0,2014,2,17,0,8,0
2014-02-18,365331.247942,0,54,33,102.54,0,2014,2,18,1,8,0
2014-02-19,360161.6390075,0,54,33,103.46,0,2014,2,19,2,8,0
2014-02-20,322451.9201135,0,54,33,103.2,0,2014,2,20,3,8,0
2014-02-21,369403.653633,0,54,33,102.53,0,2014,2,21,4,8,0
2014-02-22,538206.082827,0,54,33,,0,2014,2,22,5,8,1
2014-02-23,487896.463891,0,54,33,,0,2014,2,23,6,8,1
2014-02-24,404224.188997,0,54,33,103.17,0,2014,2,24,0,9,0
2014-02-25,351418.110084,0,54,33,102.2,0,2014,2,25,1,9,0
2014-02-26,353604.266985,0,54,33,102.93,0,2014,2,26,2,9,0
2014-02-27,330330.185244,0,54,33,102.68,0,2014,2,27,3,9,0
2014-02-28,425624.795466,0,54,33,102.88,0,2014,2,28,4,9,0
2014-03-01,911360.2578707,0,54,33,,0,2014,3,1,5,9,1
2014-03-02,667413.052988,0,54,33,,1,2014,3,2,6,9,1
2014-03-03,613973.031386,0,54,33,105.34,1,2014,3,3,0,10,0
2014-03-04,748930.902096,0,54,33,103.64,1,2014,3,4,1,10,0
2014-03-05,741756.416525,0,54,33,101.75,0,2014,3,5,2,10,0
2014-03-06,614082.444339,0,54,33,101.82,0,2014,3,6,3,10,0
2014-03-07,598242.341178,0,54,33,102.82,0,2014,3,7,4,10,0
2014-03-08,753345.259201,0,54,33,,0,2014,3,8,5,10,1
2014-03-09,916117.649984,0,54,33,,0,2014,3,9,6,10,1
2014-03-10,587414.828974,0,54,33,101.39,0,2014,3,10,0,11,0
2014-03-11,539365.375063,0,54,33,100.29,0,2014,3,11,1,11,0
2014-03-12,575676.797032,0,54,33,98.29,0,2014,3,12,2,11,0
2014-03-13,473298.042544,0,54,33,98.57,0,2014,3,13,3,11,0
2014-03-14,530515.2554715,0,54,33,99.23,0,2014,3,14,4,11,0
2014-03-15,731049.789851,0,54,33,,0,2014,3,15,5,11,1
2014-03-16,929808.492772,0,54,33,,0,2014,3,16,6,11,1
2014-03-17,612719.522118,0,54,33,98.43,0,2014,3,17,0,12,0
2014-03-18,537427.86875,0,54,33,100.08,0,2014,3,18,1,12,0
2014-03-19,585974.657018,0,54,33,100.71,0,2014,3,19,2,12,0
2014-03-20,500897.112641,0,54,33,99.68,0,2014,3,20,3,12,0
2014-03-21,548811.469984,0,54,33,99.97,0,2014,3,21,4,12,0
2014-03-22,771704.933772,0,54,33,,0,2014,3,22,5,12,1
2014-03-23,838814.636064,0,54,33,,0,2014,3,23,6,12,1
2014-03-24,571762.044919,0,54,33,100.05,0,2014,3,24,0,13,0
2014-03-25,539861.6183493,0,54,33,99.66,0,2014,3,25,1,13,0
2014-03-26,569680.543547,0,54,33,100.61,0,2014,3,26,2,13,0
2014-03-27,468581.39830400003,0,54,33,101.25,0,2014,3,27,3,13,0
2014-03-28,538905.781947,0,54,33,101.73,0,2014,3,28,4,13,0
2014-03-29,822333.142686,0,54,33,,0,2014,3,29,5,13,1
2014-03-30,873958.8396415,0,54,33,,0,2014,3,30,6,13,1
2014-03-31,651800.509461,0,54,33,101.57,0,2014,3,31,0,14,0
2014-04-01,485079.887001,8,54,33,99.69,1,2014,4,1,1,14,0
2014-04-02,463917.316107,4,54,33,99.6,0,2014,4,2,2,14,0
2014-04-03,388867.961418,120,54,33,100.29,0,2014,4,3,3,14,0
2014-04-04,422578.745073,5,54,33,101.16,0,2014,4,4,4,14,0
2014-04-05,617680.194045,7,54,33,,0,2014,4,5,5,14,1
2014-04-06,631888.250898,7,54,33,,0,2014,4,6,6,14,1
2014-04-07,426091.1040178,3,54,33,100.43,0,2014,4,7,0,15,0
2014-04-08,376663.272105,8,54,33,102.57,0,2014,4,8,1,15,0
2014-04-09,375309.08201199997,4,54,33,103.55,0,2014,4,9,2,15,0
2014-04-10,334052.7571255,119,54,33,103.37,0,2014,4,10,3,15,0
2014-04-11,379646.845927,14,54,33,103.68,0,2014,4,11,4,15,0
2014-04-12,529919.922964,10,54,33,,1,2014,4,12,5,15,1
2014-04-13,540190.281942,16,54,33,,0,2014,4,13,6,15,1
2014-04-14,381386.309033,8,54,33,104.05,1,2014,4,14,0,16,0
2014-04-15,364689.054991,45,54,33,103.7,0,2014,4,15,1,16,0
2014-04-16,411357.084985,45,54,33,103.71,0,2014,4,16,2,16,0
2014-04-17,397464.842904,455,54,33,104.33,0,2014,4,17,3,16,0
2014-04-18,394392.184115,37,54,33,104.34,1,2014,4,18,4,16,0
2014-04-19,496904.749136,36,54,33,,0,2014,4,19,5,16,1
2014-04-20,520126.3980386,56,54,33,,0,2014,4,20,6,16,1
2014-04-21,398677.396998,28,54,33,104.35,1,2014,4,21,0,17,0
2014-04-22,370552.249018,49,54,33,101.69,0,2014,4,22,1,17,0
2014-04-23,372232.595049,58,54,33,101.47,0,2014,4,23,2,17,0
2014-04-24,320875.477858,460,54,33,102.2,0,2014,4,24,3,17,0
2014-04-25,357173.708433,22,54,33,100.85,0,2014,4,25,4,17,0
2014-04-26,497334.735036,39,54,33,,0,2014,4,26,5,17,1
2014-04-27,560508.420995,52,54,33,,0,2014,4,27,6,17,1
2014-04-28,362271.9169815,65,54,33,101.13,0,2014,4,28,0,18,0
2014-04-29,326338.348031,73,54,33,101.56,0,2014,4,29,1,18,0
2014-04-30,357079.964912,86,54,33,100.07,0,2014,4,30,2,18,0
2014-05-01,530380.848064,547,54,33,99.69,1,2014,5,1,3,18,0
2014-05-02,443284.891212,215,54,33,100.09,0,2014,5,2,4,18,0
2014-05-03,610391.748971,72,54,33,,0,2014,5,3,5,18,1
2014-05-04,646164.863883,58,54,33,,0,2014,5,4,6,18,1
2014-05-05,427601.704071,67,54,33,99.74,0,2014,5,5,0,19,0
2014-05-06,388945.890086,84,54,33,99.81,0,2014,5,6,1,19,0
2014-05-07,391932.183945,71,54,33,101.06,0,2014,5,7,2,19,0
2014-05-08,337483.713217,472,54,33,100.52,0,2014,5,8,3,19,0
2014-05-09,381335.196055,218,54,33,100.32,0,2014,5,9,4,19,0
2014-05-10,577012.026997,61,54,33,,1,2014,5,10,5,19,1
2014-05-11,454512.928937,59,54,33,,1,2014,5,11,6,19,1
2014-05-12,398251.889006,61,54,33,100.89,1,2014,5,12,0,20,0
2014-05-13,360734.522978,65,54,33,102.01,0,2014,5,13,1,20,0
2014-05-14,356373.806985,151,54,33,102.63,0,2014,5,14,2,20,0
2014-05-15,332272.8296378,534,54,33,101.74,0,2014,5,15,3,20,0
2014-05-16,380822.742652,1188,54,33,102.31,0,2014,5,16,4,20,0
2014-05-17,537873.964019,129,54,33,,0,2014,5,17,5,20,1
2014-05-18,634519.7368283,139,54,33,,0,2014,5,18,6,20,1
2014-05-19,388814.744958,110,54,33,102.95,0,2014,5,19,0,21,0
2014-05-20,354372.33997,157,54,33,102.8,0,2014,5,20,1,21,0
2014-05-21,356898.483031,191,54,33,104.31,0,2014,5,21,2,21,0
2014-05-22,310660.142642,1561,54,33,104.03,0,2014,5,22,3,21,0
2014-05-23,349549.892726,1274,54,33,105.01,0,2014,5,23,4,21,0
2014-05-24,516627.261707,220,54,33,,1,2014,5,24,5,21,1
2014-05-25,573412.21016,218,54,33,,0,2014,5,25,6,21,1
2014-05-26,373831.086112,188,54,33,104.89500000000001,0,2014,5,26,0,22,0
2014-05-27,327642.143098,196,54,33,104.78,0,2014,5,27,1,22,0
2014-05-28,338481.784057,192,54,33,103.37,0,2014,5,28,2,22,0
2014-05-29,326624.5773325,1586,54,33,104.26,0,2014,5,29,3,22,0
2014-05-30,375782.6398709,1224,54,33,103.4,0,2014,5,30,4,22,0
2014-05-31,597192.467989,267,54,33,,0,2014,5,31,5,22,1
2014-06-01,742732.830236,123,54,33,,0,2014,6,1,6,22,1
2014-06-02,512725.7729758,195,54,33,103.07,0,2014,6,2,0,23,0
2014-06-03,443636.187975,213,54,33,103.34,0,2014,6,3,1,23,0
2014-06-04,423284.494993,236,54,33,103.27,0,2014,6,4,2,23,0
2014-06-05,359474.513823,1616,54,33,103.17,0,2014,6,5,3,23,0
2014-06-06,391266.125449,1264,54,33,103.32,0,2014,6,6,4,23,0
2014-06-07,557142.461024,197,54,33,,0,2014,6,7,5,23,1
2014-06-08,626026.956957,215,54,33,,0,2014,6,8,6,23,1
2014-06-09,415798.946041,199,54,33,105.09,0,2014,6,9,0,24,0
2014-06-10,351689.4229725,199,54,33,105.02,0,2014,6,10,1,24,0
2014-06-11,373828.16418,258,54,33,105.04,0,2014,6,11,2,24,0
2014-06-12,329408.06736,1979,54,33,107.2,1,2014,6,12,3,24,0
2014-06-13,392308.374573,1335,54,33,107.49,0,2014,6,13,4,24,0
2014-06-14,622072.988944,278,54,33,,0,2014,6,14,5,24,1
2014-06-15,441279.9339945,250,54,33,,1,2014,6,15,6,24,1
2014-06-16,447450.23987,338,54,33,107.52,0,2014,6,16,0,25,0
2014-06-17,380396.036044,380,54,33,106.95,0,2014,6,17,1,25,0
2014-06-18,373408.6641423,425,54,33,106.64,0,2014,6,18,2,25,0
2014-06-19,332280.93509600003,2359,54,33,107.08,0,2014,6,19,3,25,0
2014-06-20,369206.789547,1933,54,33,107.95,1,2014,6,20,4,25,0
2014-06-21,538613.855166,308,54,33,,0,2014,6,21,5,25,1
2014-06-22,591184.1240535,360,54,33,,0,2014,6,22,6,25,1
2014-06-23,414929.6359765,237,54,33,106.83,1,2014,6,23,0,26,0
2014-06-24,340464.7450455,266,54,33,106.64,0,2014,6,24,1,26,0
2014-06-25,355342.398017,354,54,33,107.04,1,2014,6,25,2,26,0
2014-06-26,315798.180924,2168,54,33,106.49,0,2014,6,26,3,26,0
2014-06-27,370793.573429,2732,54,33,106.46,0,2014,6,27,4,26,0
2014-06-28,510870.81398,425,54,33,,1,2014,6,28,5,26,1
2014-06-29,567218.8850125,302,54,33,,1,2014,6,29,6,26,1
2014-06-30,429324.0552005,352,54,33,106.07,1,2014,6,30,0,27,0
2014-07-01,720480.616788,2320,54,33,106.06,1,2014,7,1,1,27,0
2014-07-02,747430.1471275,4310,54,33,105.18,0,2014,7,2,2,27,0
2014-07-03,583844.7207922,2383,54,33,104.76,1,2014,7,3,3,27,0
2014-07-04,595424.31324,4056,54,33,104.475,1,2014,7,4,4,27,0
2014-07-05,817307.1101677,610,54,33,,1,2014,7,5,5,27,1
2014-07-06,918276.596259,583,54,33,,0,2014,7,6,6,27,1
2014-07-07,638526.428909,492,54,33,104.19,0,2014,7,7,0,28,0
2014-07-08,557291.4975265,2183,54,33,104.06,1,2014,7,8,1,28,0
2014-07-09,574451.409963,4281,54,33,102.93,1,2014,7,9,2,28,0
2014-07-10,498047.54898,2465,54,33,103.61,0,2014,7,10,3,28,0
2014-07-11,535644.182793,4057,54,33,101.48,0,2014,7,11,4,28,0
2014-07-12,756698.7523004999,568,54,33,,1,2014,7,12,5,28,1
2014-07-13,733653.779849,720,54,33,,1,2014,7,13,6,28,1
2014-07-14,584867.15114,617,54,33,101.73,0,2014,7,14,0,29,0
2014-07-15,562860.0268329,2329,54,33,100.56,0,2014,7,15,1,29,0
2014-07-16,621336.4939885,4446,54,33,101.88,0,2014,7,16,2,29,0
2014-07-17,498221.7050971,2416,54,33,103.84,0,2014,7,17,3,29,0
2014-07-18,547619.0590519,4275,54,33,103.83,0,2014,7,18,4,29,0
2014-07-19,728988.226204,759,54,33,,0,2014,7,19,5,29,1
2014-07-20,776474.1180457,636,54,33,,0,2014,7,20,6,29,1
2014-07-21,600228.430008,592,54,33,105.34,0,2014,7,21,0,30,0
2014-07-22,530276.040011,2287,54,33,104.59,0,2014,7,22,1,30,0
2014-07-23,574168.635995,4459,54,33,103.81,1,2014,7,23,2,30,0
2014-07-24,484618.8170115,2425,54,33,102.76,1,2014,7,24,3,30,0
2014-07-25,579767.285128,4395,54,33,105.23,1,2014,7,25,4,30,0
2014-07-26,688919.5500267,673,54,33,,0,2014,7,26,5,30,1
2014-07-27,747307.86662,605,54,33,,0,2014,7,27,6,30,1
2014-07-28,583936.68549,557,54,33,105.68,0,2014,7,28,0,31,0
2014-07-29,524743.3250017,2207,54,33,104.91,0,2014,7,29,1,31,0
2014-07-30,578056.965281,4640,54,33,104.29,0,2014,7,30,2,31,0
2014-07-31,532423.558194,2319,54,33,98.23,0,2014,7,31,3,31,0
2014-08-01,506826.7949305,4407,54,33,97.86,0,2014,8,1,4,31,0
2014-08-02,626533.637869,506,54,33,,0,2014,8,2,5,31,1
2014-08-03,625898.205888,453,54,33,,0,2014,8,3,6,31,1
2014-08-04,471173.304022,402,54,33,98.26,0,2014,8,4,0,32,0
2014-08-05,417197.476176,395,54,33,97.34,1,2014,8,5,1,32,0
2014-08-06,402914.370941,515,54,33,96.93,0,2014,8,6,2,32,0
2014-08-07,359701.53298899997,2310,54,33,97.34,0,2014,8,7,3,32,0
2014-08-08,397759.9389829,4308,54,33,97.61,0,2014,8,8,4,32,0
2014-08-09,496192.787084,574,54,33,,0,2014,8,9,5,32,1
2014-08-10,509681.7650025,612,54,33,,1,2014,8,10,6,32,1
2014-08-11,409544.575013,530,54,33,98.09,0,2014,8,11,0,33,0
2014-08-12,353898.211991,488,54,33,97.36,0,2014,8,12,1,33,0
2014-08-13,372116.544964,623,54,33,97.57,0,2014,8,13,2,33,0
2014-08-14,340740.8170565,2331,54,33,95.54,0,2014,8,14,3,33,0
2014-08-15,402631.8400593,4456,54,33,97.3,1,2014,8,15,4,33,0
2014-08-16,533996.15517,578,54,33,,0,2014,8,16,5,33,1
2014-08-17,564443.173007,559,54,33,,0,2014,8,17,6,33,1
2014-08-18,433042.298907,514,54,33,96.44,0,2014,8,18,0,34,0
2014-08-19,379329.9530773,512,54,33,94.35,0,2014,8,19,1,34,0
2014-08-20,398126.790988,582,54,33,96.4,0,2014,8,20,2,34,0
2014-08-21,355108.8749955,2412,54,33,93.97,0,2014,8,21,3,34,0
2014-08-22,388359.8983235,4479,54,33,93.61,0,2014,8,22,4,34,0
2014-08-23,499678.208204,649,54,33,,0,2014,8,23,5,34,1
2014-08-24,528990.5611087,680,54,33,,1,2014,8,24,6,34,1
2014-08-25,412250.075007,591,54,33,95.39,0,2014,8,25,0,35,0
2014-08-26,355053.9079745,516,54,33,95.78,0,2014,8,26,1,35,0
2014-08-27,366321.498077,623,54,33,95.82,0,2014,8,27,2,35,0
2014-08-28,327912.427,2175,54,33,96.44,0,2014,8,28,3,35,0
2014-08-29,403288.917062,4268,54,33,97.86,0,2014,8,29,4,35,0
2014-08-30,586373.694132,437,54,33,,0,2014,8,30,5,35,1
2014-08-31,660088.183052,455,54,33,,0,2014,8,31,6,35,1
2014-09-01,812526.219024,633,54,33,95.39,0,2014,9,1,0,36,0
2014-09-02,717351.552768,2300,54,33,92.92,0,2014,9,2,1,36,0
2014-09-03,726683.8617375,4724,54,33,95.5,0,2014,9,3,2,36,0
2014-09-04,551340.0774347,2657,54,33,94.51,0,2014,9,4,3,36,0
2014-09-05,603043.241921,4802,54,33,93.32,0,2014,9,5,4,36,0
2014-09-06,870139.4459765,959,54,33,,0,2014,9,6,5,36,1
2014-09-07,997964.077948,942,54,33,,0,2014,9,7,6,36,1
2014-09-08,648651.744928,802,54,33,92.64,0,2014,9,8,0,37,0
2014-09-09,562420.568002,2511,54,33,92.73,0,2014,9,9,1,37,0
2014-09-10,612987.4722337,4874,54,33,91.71,0,2014,9,10,2,37,0
2014-09-11,483462.953022,2737,54,33,92.89,0,2014,9,11,3,37,0
2014-09-12,564382.847851,4727,54,33,92.18,0,2014,9,12,4,37,0
2014-09-13,795802.238124,1018,54,33,,0,2014,9,13,5,37,1
2014-09-14,896501.5622945,1020,54,33,,0,2014,9,14,6,37,1
2014-09-15,630710.5728885,870,54,33,92.86,0,2014,9,15,0,38,0
2014-09-16,608239.973016,2647,54,33,94.91,0,2014,9,16,1,38,0
2014-09-17,617472.3442115,4999,54,33,94.33,0,2014,9,17,2,38,0
2014-09-18,479500.843061,2683,54,33,93.07,0,2014,9,18,3,38,0
2014-09-19,550213.093909,4614,54,33,92.43,0,2014,9,19,4,38,0
2014-09-20,808490.763077,898,54,33,,0,2014,9,20,5,38,1
2014-09-21,901420.451004,975,54,33,,0,2014,9,21,6,38,1
2014-09-22,589120.293928,798,54,33,91.46,0,2014,9,22,0,39,0
2014-09-23,559954.304399,2593,54,33,91.55,0,2014,9,23,1,39,0
2014-09-24,598183.114508,4837,54,33,93.6,0,2014,9,24,2,39,0
2014-09-25,466867.377076,2489,54,33,93.59,0,2014,9,25,3,39,0
2014-09-26,515474.223943,4319,54,33,95.55,0,2014,9,26,4,39,0
2014-09-27,781202.367982,632,54,33,,0,2014,9,27,5,39,1
2014-09-28,886531.789814,739,54,33,,1,2014,9,28,6,39,1
2014-09-29,586682.822002,582,54,33,94.53,0,2014,9,29,0,40,0
2014-09-30,599093.9157257,2278,54,33,91.17,0,2014,9,30,1,40,0
2014-10-01,784500.253914,4804,54,33,90.74,0,2014,10,1,2,40,0
2014-10-02,634306.519052,2616,54,33,91.02,0,2014,10,2,3,40,0
2014-10-03,675639.295098,4482,54,33,89.76,0,2014,10,3,4,40,0
2014-10-04,931317.51302,735,54,33,,0,2014,10,4,5,40,1
2014-10-05,985466.962071,658,54,33,,0,2014,10,5,6,40,1
2014-10-06,641480.757266,606,54,33,90.33,0,2014,10,6,0,41,0
2014-10-07,586410.2709706,2353,54,33,88.89,1,2014,10,7,1,41,0
2014-10-08,620201.323059,4784,54,33,87.29,0,2014,10,8,2,41,0
2014-10-09,510519.923104,2450,54,33,85.76,1,2014,10,9,3,41,0
2014-10-10,702470.317955,4569,54,33,85.87,1,2014,10,10,4,41,0
2014-10-11,748309.153739,564,54,33,,0,2014,10,11,5,41,1
2014-10-12,843971.132714,648,54,33,,0,2014,10,12,6,41,1
2014-10-13,611726.926015,565,54,33,85.73,0,2014,10,13,0,42,0
2014-10-14,550589.573294,2357,54,33,81.72,0,2014,10,14,1,42,0
2014-10-15,624797.469491,4945,54,33,81.82,0,2014,10,15,2,42,0
2014-10-16,538252.607117,2557,54,33,82.33,0,2014,10,16,3,42,0
2014-10-17,558538.135999,4551,54,33,82.8,0,2014,10,17,4,42,0
2014-10-18,820840.970792,769,54,33,,0,2014,10,18,5,42,1
2014-10-19,935410.595877,769,54,33,,0,2014,10,19,6,42,1
2014-10-20,624629.990941,609,54,33,82.76,0,2014,10,20,0,43,0
2014-10-21,542207.165266,2086,54,33,83.25,0,2014,10,21,1,43,0
2014-10-22,584926.355993,4755,54,33,80.52,0,2014,10,22,2,43,0
2014-10-23,492233.2322,2526,54,33,82.81,0,2014,10,23,3,43,0
2014-10-24,528403.680064,4477,54,33,81.27,0,2014,10,24,4,43,0
2014-10-25,758926.230707,1003,54,33,,0,2014,10,25,5,43,1
2014-10-26,892128.498949,1020,54,33,,0,2014,10,26,6,43,1
2014-10-27,572806.6319285,583,54,33,81.26,0,2014,10,27,0,44,0
2014-10-28,512678.811505,2327,54,33,81.36,0,2014,10,28,1,44,0
2014-10-29,560819.6780005,4953,54,33,82.25,0,2014,10,29,2,44,0
2014-10-30,459715.26616,2357,54,33,81.06,0,2014,10,30,3,44,0
2014-10-31,561876.0719155,4421,54,33,80.53,0,2014,10,31,4,44,0
2014-11-01,873539.2478855,975,54,33,,0,2014,11,1,5,44,1
2014-11-02,709851.4922288,944,54,33,,1,2014,11,2,6,44,1
2014-11-03,973192.041735,690,54,33,78.77,1,2014,11,3,0,45,0
2014-11-04,702751.953595,2373,54,33,77.15,0,2014,11,4,1,45,0
2014-11-05,718799.9390395,4858,54,33,78.71,0,2014,11,5,2,45,0
2014-11-06,566118.381055,2519,54,33,77.87,1,2014,11,6,3,45,0
2014-11-07,585330.25773,4392,54,33,78.71,1,2014,11,7,4,45,0
2014-11-08,816064.644983,861,54,33,,0,2014,11,8,5,45,1
2014-11-09,941478.422301,956,54,33,,0,2014,11,9,6,45,1
2014-11-10,593376.793073,540,54,33,77.43,1,2014,11,10,0,46,0
2014-11-11,552505.750307,2362,54,33,77.85,1,2014,11,11,1,46,0
2014-11-12,588093.484021,4810,54,33,77.16,1,2014,11,12,2,46,0
2014-11-13,468057.386823,2503,54,33,74.13,0,2014,11,13,3,46,0
2014-11-14,553007.970965,4434,54,33,75.91,0,2014,11,14,4,46,0
2014-11-15,786124.201177,1184,54,33,,0,2014,11,15,5,46,1
2014-11-16,956619.401927,1058,54,33,,0,2014,11,16,6,46,1
2014-11-17,620876.340058,754,54,33,75.64,0,2014,11,17,0,47,0
2014-11-18,553367.204141,2663,54,33,74.55,0,2014,11,18,1,47,0
2014-11-19,580234.0113007,5147,54,33,74.55,0,2014,11,19,2,47,0
2014-11-20,511855.7610447,2824,54,33,75.63,0,2014,11,20,3,47,0
2014-11-21,567978.732759,4573,54,33,76.52,0,2014,11,21,4,47,0
2014-11-22,763720.148593,868,54,33,,0,2014,11,22,5,47,1
2014-11-23,907432.656994,973,54,33,,0,2014,11,23,6,47,1
2014-11-24,610847.95702,710,54,33,75.74,0,2014,11,24,0,48,0
2014-11-25,541225.608011,2544,54,33,74.04,0,2014,11,25,1,48,0
2014-11-26,579125.306002,5021,54,33,73.7,0,2014,11,26,2,48,0
2014-11-27,475823.897052,2774,54,33,69.82,0,2014,11,27,3,48,0
2014-11-28,559619.825094,4654,54,33,65.94,1,2014,11,28,4,48,0
2014-11-29,850925.105136,994,54,33,,0,2014,11,29,5,48,1
2014-11-30,1023691.281592,1076,54,33,,0,2014,11,30,6,48,1
2014-12-01,817413.561974,1423,54,33,68.98,1,2014,12,1,0,49,0
2014-12-02,735319.1840285,3045,54,33,66.99,0,2014,12,2,1,49,0
2014-12-03,715127.614539,5359,54,33,67.3,0,2014,12,3,2,49,0
2014-12-04,578961.517004,3216,54,33,66.73,0,2014,12,4,3,49,0
2014-12-05,635445.153317,4849,54,33,65.89,1,2014,12,5,4,49,0
2014-12-06,829386.70612,1151,54,33,,1,2014,12,6,5,49,1
2014-12-07,1013889.8074,1165,54,33,,0,2014,12,7,6,49,1
2014-12-08,790283.289992,922,54,33,63.13,1,2014,12,8,0,50,0
2014-12-09,665123.962957,2992,54,33,63.74,0,2014,12,9,1,50,0
2014-12-10,732121.033873,5562,54,33,60.99,0,2014,12,10,2,50,0
2014-12-11,580542.178879,3159,54,33,60.01,0,2014,12,11,3,50,0
2014-12-12,642760.387245,4853,54,33,57.81,0,2014,12,12,4,50,0
2014-12-13,854830.905829,1261,54,33,,0,2014,12,13,5,50,1
2014-12-14,999106.1325775,1410,54,33,,0,2014,12,14,6,50,1
2014-12-15,790182.945791,1025,54,33,55.96,0,2014,12,15,0,51,0
2014-12-16,799067.056179,2973,54,33,55.97,0,2014,12,16,1,51,0
2014-12-17,779966.499188,5290,54,33,56.43,0,2014,12,17,2,51,0
2014-12-18,731938.479893,3179,54,33,54.18,0,2014,12,18,3,51,0
2014-12-19,757349.3758179,4940,54,33,56.91,0,2014,12,19,4,51,0
2014-12-20,935555.52434,1534,54,33,,1,2014,12,20,5,51,1
2014-12-21,1056605.2012285,1579,54,33,,1,2014,12,21,6,51,1
2014-12-22,1008143.3460193,1582,54,33,55.25,1,2014,12,22,0,52,0
2014-12-23,1064977.9730725,3365,54,33,56.78,1,2014,12,23,1,52,0
2014-12-24,965982.871715,5828,54,33,55.7,1,2014,12,24,2,52,0
2014-12-26,872098.456795,5714,54,33,54.59,1,2014,12,26,4,52,0
2014-12-27,740596.158932,1747,54,33,,0,2014,12,27,5,52,1
2014-12-28,716329.635071,1859,54,33,,0,2014,12,28,6,52,1
2014-12-29,773998.401175,1783,54,33,53.46,0,2014,12,29,0,1,0
2014-12-30,912970.533204,3494,54,33,54.14,0,2014,12,30,1,1,0
2014-12-31,844380.469674,5648,54,33,53.45,1,2014,12,31,2,1,0
2015-01-01,12773.61698,12,54,33,53.085,1,2015,1,1,3,1,0
2015-01-02,657763.391981,4949,54,33,52.72,1,2015,1,2,4,1,0
2015-01-03,648880.686926,1306,54,33,,0,2015,1,3,5,1,1
2015-01-04,730923.776022,1295,54,33,,0,2015,1,4,6,1,1
2015-01-05,569267.29796,1148,54,33,50.05,0,2015,1,5,0,2,0
2015-01-06,477886.741053,1042,54,33,47.98,0,2015,1,6,1,2,0
2015-01-07,494160.850117,1291,54,33,48.69,0,2015,1,7,2,2,0
2015-01-08,417482.689131,3063,54,33,48.8,0,2015,1,8,3,2,0
2015-01-09,439381.226073,4761,54,33,48.35,0,2015,1,9,4,2,0
2015-01-10,569956.90801,954,54,33,,1,2015,1,10,5,2,1
2015-01-11,694860.9511,1058,54,33,,0,2015,1,11,6,2,1
2015-01-12,442845.544014,1043,54,33,46.06,0,2015,1,12,0,3,0
2015-01-13,393799.993059,1213,54,33,45.92,0,2015,1,13,1,3,0
2015-01-14,400923.97107,1586,54,33,48.49,0,2015,1,14,2,3,0
2015-01-15,371146.144942,2608,54,33,46.37,0,2015,1,15,3,3,0
2015-01-16,423599.9357975,4510,54,33,48.49,0,2015,1,16,4,3,0
2015-01-17,621865.434007,712,54,33,,0,2015,1,17,5,3,1
2015-01-18,678277.030991,577,54,33,,0,2015,1,18,6,3,1
2015-01-19,448217.896919,588,54,33,47.64,0,2015,1,19,0,4,0
2015-01-20,405308.77722,569,54,33,46.79,0,2015,1,20,1,4,0
2015-01-21,413202.592067,697,54,33,47.85,0,2015,1,21,2,4,0
2015-01-22,364862.5390355,2598,54,33,45.93,0,2015,1,22,3,4,0
2015-01-23,416937.181925,4475,54,33,45.26,0,2015,1,23,4,4,0
2015-01-24,588849.871003,632,54,33,,0,2015,1,24,5,4,1
2015-01-25,631623.951015,616,54,33,,0,2015,1,25,6,4,1
2015-01-26,410009.617966,540,54,33,44.8,0,2015,1,26,0,5,0
2015-01-27,360009.850046,560,54,33,45.84,0,2015,1,27,1,5,0
2015-01-28,376935.916035,639,54,33,44.08,0,2015,1,28,2,5,0
2015-01-29,343062.160973,2696,54,33,44.12,0,2015,1,29,3,5,0
2015-01-30,435899.6719165,4647,54,33,47.79,0,2015,1,30,4,5,0
2015-01-31,656205.841844,763,54,33,,0,2015,1,31,5,5,1
2015-02-01,815294.475951,727,54,33,,0,2015,2,1,6,5,1
2015-02-02,538301.886974,653,54,33,49.25,0,2015,2,2,0,6,0
2015-02-03,475249.842928,583,54,33,53.04,0,2015,2,3,1,6,0
2015-02-04,451923.147059,687,54,33,48.45,0,2015,2,4,2,6,0
2015-02-05,407491.967944,2640,54,33,50.48,0,2015,2,5,3,6,0
2015-02-06,437147.54517,4645,54,33,51.66,0,2015,2,6,4,6,0
2015-02-07,599911.594879,721,54,33,,0,2015,2,7,5,6,1
2015-02-08,622994.231951,690,54,33,,0,2015,2,8,6,6,1
2015-02-09,458002.152043,722,54,33,52.99,0,2015,2,9,0,7,0
2015-02-10,400825.9849177,694,54,33,50.06,0,2015,2,10,1,7,0
2015-02-11,400115.3330245,766,54,33,48.8,0,2015,2,11,2,7,0
2015-02-12,384963.142969,2613,54,33,51.17,0,2015,2,12,3,7,0
2015-02-13,493265.468013,4536,54,33,52.66,0,2015,2,13,4,7,0
2015-02-14,562855.068099,697,54,33,,0,2015,2,14,5,7,1
2015-02-15,434886.671834,576,54,33,,0,2015,2,15,6,7,1
2015-02-16,420740.903983,574,54,33,53.11,1,2015,2,16,0,8,0
2015-02-17,483088.13409300003,609,54,33,53.56,1,2015,2,17,1,8,0
2015-02-18,497499.057967,670,54,33,52.13,0,2015,2,18,2,8,0
2015-02-19,436360.905914,2616,54,33,51.12,0,2015,2,19,3,8,0
2015-02-20,483681.015026,4387,54,33,49.95,0,2015,2,20,4,8,0
2015-02-21,572753.075038,443,54,33,,0,2015,2,21,5,8,1
2015-02-22,691339.067796,573,54,33,,0,2015,2,22,6,8,1
2015-02-23,443349.890841,425,54,33,49.56,0,2015,2,23,0,9,0
2015-02-24,407890.277971,411,54,33,48.48,0,2015,2,24,1,9,0
2015-02-25,395774.954032,476,54,33,50.25,0,2015,2,25,2,9,0
2015-02-26,354938.226975,2631,54,33,47.65,0,2015,2,26,3,9,0
2015-02-27,436488.424914,4475,54,33,49.84,0,2015,2,27,4,9,0
2015-02-28,635263.400075,504,54,33,,0,2015,2,28,5,9,1
2015-03-01,820434.978924,617,54,33,,0,2015,3,1,6,9,1
2015-03-02,546037.787999,464,54,33,49.59,1,2015,3,2,0,10,0
2015-03-03,492365.24083,571,54,33,50.43,0,2015,3,3,1,10,0
2015-03-04,483330.548167,608,54,33,51.53,0,2015,3,4,2,10,0
2015-03-05,428599.809059,2679,54,33,50.76,0,2015,3,5,3,10,0
2015-03-06,463723.974873,4451,54,33,49.61,0,2015,3,6,4,10,0
2015-03-07,657377.210913,660,54,33,,0,2015,3,7,5,10,1
2015-03-08,659563.411966,538,54,33,,0,2015,3,8,6,10,1
2015-03-09,480371.950086,557,54,33,49.95,0,2015,3,9,0,11,0
2015-03-10,457881.7640763,567,54,33,48.42,0,2015,3,10,1,11,0
2015-03-11,425617.727075,572,54,33,48.06,0,2015,3,11,2,11,0
2015-03-12,382588.6690535,2664,54,33,47.12,0,2015,3,12,3,11,0
2015-03-13,434805.995204,4501,54,33,44.88,0,2015,3,13,4,11,0
2015-03-14,616609.760896,649,54,33,,0,2015,3,14,5,11,1
2015-03-15,662700.871933,636,54,33,,0,2015,3,15,6,11,1
2015-03-16,466598.425914,597,54,33,43.93,0,2015,3,16,0,12,0
2015-03-17,415359.51603,581,54,33,43.39,0,2015,3,17,1,12,0
2015-03-18,398629.999994,600,54,33,44.63,0,2015,3,18,2,12,0
2015-03-19,373324.3829895,2698,54,33,44.02,0,2015,3,19,3,12,0
2015-03-20,467687.945081,4477,54,33,46.0,0,2015,3,20,4,12,0
2015-03-21,624099.228222,597,54,33,,0,2015,3,21,5,12,1
2015-03-22,646466.401887,666,54,33,,0,2015,3,22,6,12,1
2015-03-23,462664.2370045,543,54,33,47.4,0,2015,3,23,0,13,0
2015-03-24,407369.722015,445,54,33,47.03,0,2015,3,24,1,13,0
2015-03-25,408258.189916,579,54,33,48.75,0,2015,3,25,2,13,0
2015-03-26,367006.957001,2769,54,33,51.41,0,2015,3,26,3,13,0
2015-03-27,436906.608975,4596,54,33,48.83,0,2015,3,27,4,13,0
2015-03-28,589854.7040575,587,54,33,,0,2015,3,28,5,13,1
2015-03-29,641213.770163,669,54,33,,0,2015,3,29,6,13,1
2015-03-30,437878.834978,632,54,33,48.66,0,2015,3,30,0,14,0
2015-03-31,443278.893073,590,54,33,47.72,0,2015,3,31,1,14,0
2015-04-01,557223.161038,777,54,33,50.12,1,2015,4,1,2,14,0
2015-04-02,524588.902022,2854,54,33,49.13,0,2015,4,2,3,14,0
2015-04-03,510296.785948,4598,54,33,50.605000000000004,1,2015,4,3,4,14,0
2015-04-04,653894.195903,712,54,33,,0,2015,4,4,5,14,1
2015-04-05,659669.577136,707,54,33,,0,2015,4,5,6,14,1
2015-04-06,519734.816963,578,54,33,52.08,0,2015,4,6,0,15,0
2015-04-07,464788.21798,631,54,33,53.95,0,2015,4,7,1,15,0
2015-04-08,461140.213006,753,54,33,50.44,0,2015,4,8,2,15,0
2015-04-09,398718.315935,2883,54,33,50.79,0,2015,4,9,3,15,0
2015-04-10,445869.298012,4725,54,33,51.63,0,2015,4,10,4,15,0
2015-04-11,610603.017074,736,54,33,,0,2015,4,11,5,15,1
2015-04-12,659939.024086,715,54,33,,1,2015,4,12,6,15,1
2015-04-13,453724.756048,643,54,33,51.95,0,2015,4,13,0,16,0
2015-04-14,403623.396979,666,54,33,53.3,1,2015,4,14,1,16,0
2015-04-15,438106.287965,739,54,33,56.25,0,2015,4,15,2,16,0
2015-04-16,418643.193957,3374,54,33,56.69,0,2015,4,16,3,16,0
2015-04-17,456303.236748,5102,54,33,55.71,0,2015,4,17,4,16,0
2015-04-18,629155.66071,1195,54,33,,0,2015,4,18,5,16,1
2015-04-19,684544.950159,1249,54,33,,0,2015,4,19,6,16,1
2015-04-20,481694.770966,1146,54,33,56.37,0,2015,4,20,0,17,0
2015-04-21,426018.313035,1090,54,33,55.58,1,2015,4,21,1,17,0
2015-04-22,421108.210059,1250,54,33,56.17,0,2015,4,22,2,17,0
2015-04-23,392147.042002,3300,54,33,56.59,0,2015,4,23,3,17,0
2015-04-24,437625.507963,5216,54,33,55.98,0,2015,4,24,4,17,0
2015-04-25,588781.512939,1185,54,33,,0,2015,4,25,5,17,1
2015-04-26,625901.000988,1169,54,33,,0,2015,4,26,6,17,1
2015-04-27,425049.148087,1046,54,33,55.56,0,2015,4,27,0,18,0
2015-04-28,374839.1850745,1057,54,33,57.05,0,2015,4,28,1,18,0
2015-04-29,398724.330055,1012,54,33,58.55,0,2015,4,29,2,18,0
2015-04-30,432612.141938,3267,54,33,59.62,0,2015,4,30,3,18,0
2015-05-01,674509.400095,5555,54,33,59.1,1,2015,5,1,4,18,0
2015-05-02,711052.273896,1343,54,33,,0,2015,5,2,5,18,1
2015-05-03,742887.785029,1381,54,33,,0,2015,5,3,6,18,1
2015-05-04,556245.147953,1282,54,33,58.92,0,2015,5,4,0,19,0
2015-05-05,509493.227021,1240,54,33,60.38,0,2015,5,5,1,19,0
2015-05-06,504999.550962,1340,54,33,60.93,0,2015,5,6,2,19,0
2015-05-07,444082.309939,3372,54,33,58.99,0,2015,5,7,3,19,0
2015-05-08,481304.22297,5130,54,33,59.41,0,2015,5,8,4,19,0
2015-05-09,706705.4400759999,1156,54,33,,1,2015,5,9,5,19,1
2015-05-10,558062.273048,1024,54,33,,1,2015,5,10,6,19,1
2015-05-11,524864.051063,1055,54,33,59.23,0,2015,5,11,0,20,0
2015-05-12,452162.874045,1014,54,33,60.72,1,2015,5,12,1,20,0
2015-05-13,446915.639008,1172,54,33,60.5,0,2015,5,13,2,20,0
2015-05-14,395609.666087,3153,54,33,59.89,0,2015,5,14,3,20,0
2015-05-15,483535.538107,5076,54,33,59.73,0,2015,5,15,4,20,0
2015-05-16,709798.552994,1196,54,33,,0,2015,5,16,5,20,1
2015-05-17,798186.132143,1060,54,33,,0,2015,5,17,6,20,1
2015-05-18,496595.01098,968,54,33,59.44,0,2015,5,18,0,21,0
2015-05-19,446375.4880335,999,54,33,57.3,0,2015,5,19,1,21,0
2015-05-20,466238.630977,1232,54,33,58.96,0,2015,5,20,2,21,0
2015-05-21,417006.136035,3115,54,33,60.18,0,2015,5,21,3,21,0
2015-05-22,458727.917031,4923,54,33,58.88,0,2015,5,22,4,21,0
2015-05-23,658882.9229615,970,54,33,,0,2015,5,23,5,21,1
2015-05-24,738068.426823,1012,54,33,,1,2015,5,24,6,21,1
2015-05-25,534802.790004,941,54,33,58.085,0,2015,5,25,0,22,0
2015-05-26,463132.406006,887,54,33,57.29,0,2015,5,26,1,22,0
2015-05-27,481804.96096,1007,54,33,57.51,0,2015,5,27,2,22,0
2015-05-28,428506.881011,3183,54,33,57.69,0,2015,5,28,3,22,0
2015-05-29,560519.530038,5079,54,33,60.25,0,2015,5,29,4,22,0
2015-05-30,855728.291973,992,54,33,,0,2015,5,30,5,22,1
2015-05-31,1023564.76704,1025,54,33,,0,2015,5,31,6,22,1
2015-06-01,812081.2027655,1388,54,33,60.24,0,2015,6,1,0,23,0
2015-06-02,753430.6418917,3643,54,33,61.3,0,2015,6,2,1,23,0
2015-06-03,747929.452075,5581,54,33,59.67,0,2015,6,3,2,23,0
2015-06-04,608994.6461083,3401,54,33,58.0,0,2015,6,4,3,23,0
2015-06-05,657675.126037,5144,54,33,59.11,0,2015,6,5,4,23,0
2015-06-06,904437.271141,1066,54,33,,0,2015,6,6,5,23,1
2015-06-07,1070695.9178497,1068,54,33,,0,2015,6,7,6,23,1
2015-06-08,696952.81204,949,54,33,58.15,0,2015,6,8,0,24,0
2015-06-09,623725.1071692,3216,54,33,60.15,0,2015,6,9,1,24,0
2015-06-10,641435.3719983,5373,54,33,61.36,0,2015,6,10,2,24,0
2015-06-11,510019.1489275,1369,54,33,60.74,0,2015,6,11,3,24,0
2015-06-12,606616.000975,6500,54,33,59.96,0,2015,6,12,4,24,0
2015-06-13,840727.775905,1564,54,33,,0,2015,6,13,5,24,1
2015-06-14,967745.7218685,2239,54,33,,0,2015,6,14,6,24,1
2015-06-15,666557.1317587,1495,54,33,59.53,0,2015,6,15,0,25,0
2015-06-16,672637.824072,3629,54,33,60.01,0,2015,6,16,1,25,0
2015-06-17,677171.157112,8606,54,33,59.89,0,2015,6,17,2,25,0
2015-06-18,556155.0391433,1775,54,33,60.41,0,2015,6,18,3,25,0
2015-06-19,659233.5706609,6748,54,33,59.62,0,2015,6,19,4,25,0
2015-06-20,936951.654373,1586,54,33,,0,2015,6,20,5,25,1
2015-06-21,790568.421132,2389,54,33,,0,2015,6,21,6,25,1
2015-06-22,701208.22895,1617,54,33,60.01,0,2015,6,22,0,26,0
2015-06-23,640322.326029,3756,54,33,61.05,1,2015,6,23,1,26,0
2015-06-24,643411.714061,9265,54,33,60.01,0,2015,6,24,2,26,0
2015-06-25,518700.9558973,1154,54,33,59.59,1,2015,6,25,3,26,0
2015-06-26,593299.460788,6213,54,33,59.41,0,2015,6,26,4,26,0
2015-06-27,831492.4641955,1166,54,33,,0,2015,6,27,5,26,1
2015-06-28,976563.5890657,1994,54,33,,0,2015,6,28,6,26,1
2015-06-29,639072.192193,1006,54,33,58.34,0,2015,6,29,0,27,0
2015-06-30,669548.425059,2927,54,33,59.48,0,2015,6,30,1,27,0
2015-07-01,885953.200992,8448,54,33,56.94,0,2015,7,1,2,27,0
2015-07-02,705642.2820965,1306,54,33,56.93,0,2015,7,2,3,27,0
2015-07-03,772773.3939200001,6484,54,33,54.705,1,2015,7,3,4,27,0
2015-07-04,1018541.84294,1252,54,33,,0,2015,7,4,5,27,1
2015-07-05,982427.6819,2065,54,33,,0,2015,7,5,6,27,1
2015-07-06,754949.70914,1033,54,33,52.48,0,2015,7,6,0,28,0
2015-07-07,654821.0515315,2971,54,33,52.33,0,2015,7,7,1,28,0
2015-07-08,732992.130029,8236,54,33,51.61,0,2015,7,8,2,28,0
2015-07-09,605032.4963965,1214,54,33,52.76,0,2015,7,9,3,28,0
2015-07-10,643986.381178,6406,54,33,52.74,0,2015,7,10,4,28,0
2015-07-11,794984.703157,1137,54,33,,0,2015,7,11,5,28,1
2015-07-12,898731.936734,1942,54,33,,0,2015,7,12,6,28,1
2015-07-13,647967.077874,1009,54,33,52.19,0,2015,7,13,0,29,0
2015-07-14,601452.258023,2851,54,33,53.05,0,2015,7,14,1,29,0
2015-07-15,664505.1001790001,8255,54,33,51.4,0,2015,7,15,2,29,0
2015-07-16,584042.727022,1225,54,33,50.9,0,2015,7,16,3,29,0
2015-07-17,653452.17114,6503,54,33,50.88,0,2015,7,17,4,29,0
2015-07-18,826353.336031,1126,54,33,,0,2015,7,18,5,29,1
2015-07-19,894707.299378,1938,54,33,,0,2015,7,19,6,29,1
2015-07-20,685961.243972,1357,54,33,50.11,0,2015,7,20,0,30,0
2015-07-21,607836.498977,3157,54,33,50.59,0,2015,7,21,1,30,0
2015-07-22,631385.408886,8415,54,33,49.27,0,2015,7,22,2,30,0
2015-07-23,541511.421067,1482,54,33,48.11,1,2015,7,23,3,30,0
2015-07-24,635244.2449785,6714,54,33,47.98,1,2015,7,24,4,30,0
2015-07-25,797427.520942,1529,54,33,,1,2015,7,25,5,30,1
2015-07-26,875032.0362592,2383,54,33,,0,2015,7,26,6,30,1
2015-07-27,652999.1942961001,1466,54,33,47.17,0,2015,7,27,0,31,0
2015-07-28,594977.6665523,3408,54,33,47.97,0,2015,7,28,1,31,0
2015-07-29,625449.98155,8747,54,33,48.77,0,2015,7,29,2,31,0
2015-07-30,543393.592625,1662,54,33,48.53,0,2015,7,30,3,31,0
2015-07-31,695083.4489723,7021,54,33,47.11,0,2015,7,31,4,31,0
2015-08-01,1044894.790061,1448,54,33,,0,2015,8,1,5,31,1
2015-08-02,1043495.475018,2194,54,33,,0,2015,8,2,6,31,1
2015-08-03,811119.83411,1405,54,33,45.25,0,2015,8,3,0,32,0
2015-08-04,726613.35811,3489,54,33,45.75,0,2015,8,4,1,32,0
2015-08-05,724346.594,8919,54,33,45.13,1,2015,8,5,2,32,0
2015-08-06,583375.211759,1529,54,33,44.69,0,2015,8,6,3,32,0
2015-08-07,663326.5180703,6744,54,33,43.87,0,2015,8,7,4,32,0
2015-08-08,784099.215997,1436,54,33,,0,2015,8,8,5,32,1
2015-08-09,679410.125135,2287,54,33,,0,2015,8,9,6,32,1
2015-08-10,785477.934216,1389,54,33,44.94,1,2015,8,10,0,33,0
2015-08-11,668280.357956,3358,54,33,43.11,0,2015,8,11,1,33,0
2015-08-12,678064.7316857,7917,54,33,43.22,0,2015,8,12,2,33,0
2015-08-13,557859.477954,1482,54,33,42.27,0,2015,8,13,3,33,0
2015-08-14,734484.205049,6748,54,33,42.45,0,2015,8,14,4,33,0
2015-08-15,936339.026059,1434,54,33,,1,2015,8,15,5,33,1
2015-08-16,913846.62503,2166,54,33,,0,2015,8,16,6,33,1
2015-08-17,694747.161863,1393,54,33,41.93,0,2015,8,17,0,34,0
2015-08-18,629475.6430527,3316,54,33,42.58,0,2015,8,18,1,34,0
2015-08-19,653733.3600063,7781,54,33,40.75,0,2015,8,19,2,34,0
2015-08-20,569443.704073,1511,54,33,41.0,0,2015,8,20,3,34,0
2015-08-21,653281.208151,7086,54,33,40.45,0,2015,8,21,4,34,0
2015-08-22,803270.157597,1653,54,33,,0,2015,8,22,5,34,1
2015-08-23,865755.397429,2412,54,33,,0,2015,8,23,6,34,1
2015-08-24,681575.9899773,1491,54,33,38.22,1,2015,8,24,0,35,0
2015-08-25,624698.33755,3525,54,33,39.15,0,2015,8,25,1,35,0
2015-08-26,640075.9908365,8142,54,33,38.5,0,2015,8,26,2,35,0
2015-08-27,548043.327354,1462,54,33,42.47,0,2015,8,27,3,35,0
2015-08-28,635737.2322,6846,54,33,45.29,0,2015,8,28,4,35,0
2015-08-29,876953.096934,1484,54,33,,0,2015,8,29,5,35,1
2015-08-30,975697.601858,2310,54,33,,0,2015,8,30,6,35,1
2015-08-31,776152.5521897,1257,54,33,49.2,0,2015,8,31,0,36,0
2015-09-01,906549.992952,3595,54,33,45.38,0,2015,9,1,1,36,0
2015-09-02,879033.0925,8161,54,33,46.3,0,2015,9,2,2,36,0
2015-09-03,707093.042,2241,54,33,46.75,0,2015,9,3,3,36,0
2015-09-04,736395.302632,7802,54,33,46.02,0,2015,9,4,4,36,0
2015-09-05,1052868.394291,2570,54,33,,0,2015,9,5,5,36,1
2015-09-06,1147642.583011,3486,54,33,,0,2015,9,6,6,36,1
2015-09-07,767382.7769737,2391,54,33,45.97,0,2015,9,7,0,37,0
2015-09-08,677312.236066,4385,54,33,45.92,0,2015,9,8,1,37,0
2015-09-09,705633.4998935,8964,54,33,44.13,0,2015,9,9,2,37,0
2015-09-10,577743.795026,2597,54,33,45.85,0,2015,9,10,3,37,0
2015-09-11,651330.167952,7873,54,33,44.75,0,2015,9,11,4,37,0
2015-09-12,921524.436013,2572,54,33,,0,2015,9,12,5,37,1
2015-09-13,1023345.318906,3511,54,33,,0,2015,9,13,6,37,1
2015-09-14,688405.190061,2433,54,33,44.07,0,2015,9,14,0,38,0
2015-09-15,682134.3540295,4657,54,33,44.58,0,2015,9,15,1,38,0
2015-09-16,742089.667998,9156,54,33,47.12,0,2015,9,16,2,38,0
2015-09-17,593577.802125,2563,54,33,46.93,0,2015,9,17,3,38,0
2015-09-18,653805.874946,7943,54,33,44.71,0,2015,9,18,4,38,0
2015-09-19,935893.481059,2727,54,33,,0,2015,9,19,5,38,1
2015-09-20,1037532.860693,3551,54,33,,0,2015,9,20,6,38,1
2015-09-21,717725.376959,2517,54,33,46.67,0,2015,9,21,0,39,0
2015-09-22,641914.7389995,4480,54,33,46.17,0,2015,9,22,1,39,0
2015-09-23,690419.721922,9189,54,33,44.53,0,2015,9,23,2,39,0
2015-09-24,557321.610921,2352,54,33,44.94,0,2015,9,24,3,39,0
2015-09-25,646083.8750635,7739,54,33,45.55,0,2015,9,25,4,39,0
2015-09-26,890486.060145,2486,54,33,,0,2015,9,26,5,39,1
2015-09-27,1018062.963565,3382,54,33,,0,2015,9,27,6,39,1
2015-09-28,671261.0640092,2245,54,33,44.4,1,2015,9,28,0,40,0
2015-09-29,609130.6581453,4278,54,33,45.24,0,2015,9,29,1,40,0
2015-09-30,711182.539054,9027,54,33,45.06,0,2015,9,30,2,40,0
2015-10-01,796340.858947,2231,54,33,44.75,0,2015,10,1,3,40,0
2015-10-02,830719.387744,7801,54,33,45.54,0,2015,10,2,4,40,0
2015-10-03,1179376.177625,2220,54,33,,0,2015,10,3,5,40,1
2015-10-04,1234130.938595,3011,54,33,,0,2015,10,4,6,40,1
2015-10-05,809524.837996,1990,54,33,46.28,0,2015,10,5,0,41,0
2015-10-06,696169.275967,3989,54,33,48.53,0,2015,10,6,1,41,0
2015-10-07,720562.330573,8798,54,33,47.86,1,2015,10,7,2,41,0
2015-10-08,603066.030064,2042,54,33,49.46,0,2015,10,8,3,41,0
2015-10-09,873934.7190479999,7815,54,33,49.67,1,2015,10,9,4,41,0
2015-10-10,867556.973019,1969,54,33,,0,2015,10,10,5,41,1
2015-10-11,973329.203973,2852,54,33,,0,2015,10,11,6,41,1
2015-10-12,721634.5721813,1864,54,33,47.09,0,2015,10,12,0,42,0
2015-10-13,585141.5538577,3899,54,33,46.7,0,2015,10,13,1,42,0
2015-10-14,688198.106351,8778,54,33,46.63,0,2015,10,14,2,42,0
2015-10-15,577952.197162,1289,54,33,46.38,0,2015,10,15,3,42,0
2015-10-16,693829.351874,6959,54,33,47.3,0,2015,10,16,4,42,0
2015-10-17,958052.958031,1355,54,33,,0,2015,10,17,5,42,1
2015-10-18,1071477.102879,2212,54,33,,0,2015,10,18,6,42,1
2015-10-19,699259.488037,1166,54,33,45.91,0,2015,10,19,0,43,0
2015-10-20,660308.361186,3039,54,33,45.84,0,2015,10,20,1,43,0
2015-10-21,672847.3460333,7950,54,33,45.22,0,2015,10,21,2,43,0
2015-10-22,547020.0469813,1019,54,33,44.9,0,2015,10,22,3,43,0
2015-10-23,639040.6062,6519,54,33,43.91,0,2015,10,23,4,43,0
2015-10-24,859950.710621,915,54,33,,0,2015,10,24,5,43,1
2015-10-25,1018783.141953,1822,54,33,,0,2015,10,25,6,43,1
2015-10-26,649914.352338,842,54,33,43.19,0,2015,10,26,0,44,0
2015-10-27,587066.101075,2944,54,33,43.21,0,2015,10,27,1,44,0
2015-10-28,599388.1222552,7811,54,33,45.93,0,2015,10,28,2,44,0
2015-10-29,511860.0689186,1392,54,33,46.02,0,2015,10,29,3,44,0
2015-10-30,635875.8911987,7060,54,33,46.6,0,2015,10,30,4,44,0
2015-10-31,915956.851878,1667,54,33,,0,2015,10,31,5,44,1
2015-11-01,819250.388037,2621,54,33,,0,2015,11,1,6,44,1
2015-11-02,762549.794932,1715,54,33,46.12,1,2015,11,2,0,45,0
2015-11-03,1033439.132986,3898,54,33,47.88,1,2015,11,3,1,45,0
2015-11-04,855494.43996,9041,54,33,46.32,0,2015,11,4,2,45,0
2015-11-05,649662.670907,1872,54,33,45.27,0,2015,11,5,3,45,0
2015-11-06,671145.788057,7448,54,33,44.32,1,2015,11,6,4,45,0
2015-11-07,929723.344157,1881,54,33,,1,2015,11,7,5,45,1
2015-11-08,1077361.9559685,2868,54,33,,0,2015,11,8,6,45,1
2015-11-09,683644.901987,1707,54,33,43.87,0,2015,11,9,0,46,0
2015-11-10,623529.1790699,3788,54,33,44.23,1,2015,11,10,1,46,0
2015-11-11,689746.212316,8741,54,33,42.95,1,2015,11,11,2,46,0
2015-11-12,506937.6640027,1777,54,33,41.74,1,2015,11,12,3,46,0
2015-11-13,626674.025055,7175,54,33,40.69,0,2015,11,13,4,46,0
2015-11-14,867597.332909,2300,54,33,,0,2015,11,14,5,46,1
2015-11-15,1056159.462651,3508,54,33,,0,2015,11,15,6,46,1
2015-11-16,716508.7092175,2524,54,33,41.68,0,2015,11,16,0,47,0
2015-11-17,618919.988059,4525,54,33,40.73,0,2015,11,17,1,47,0
2015-11-18,683954.18795,9935,54,33,40.75,0,2015,11,18,2,47,0
2015-11-19,560452.567301,2888,54,33,40.55,0,2015,11,19,3,47,0
2015-11-20,665619.668251,8109,54,33,39.39,0,2015,11,20,4,47,0
2015-11-21,863726.8816559,2473,54,33,,0,2015,11,21,5,47,1
2015-11-22,1015844.2849005,3537,54,33,,0,2015,11,22,6,47,1
2015-11-23,696685.460932,2307,54,33,39.27,0,2015,11,23,0,48,0
2015-11-24,612710.200935,4508,54,33,40.89,0,2015,11,24,1,48,0
2015-11-25,658917.83013,9548,54,33,41.22,0,2015,11,25,2,48,0
2015-11-26,530358.330027,2134,54,33,40.894999999999996,0,2015,11,26,3,48,0
2015-11-27,645087.0350447,7812,54,33,40.57,1,2015,11,27,4,48,0
2015-11-28,850596.003884,2432,54,33,,0,2015,11,28,5,48,1
2015-11-29,1070619.802932,3235,54,33,,0,2015,11,29,6,48,1
2015-11-30,762036.1239965,2190,54,33,40.43,1,2015,11,30,0,49,0
2015-12-01,857620.9426407,5121,54,33,40.58,0,2015,12,1,1,49,0
2015-12-02,867269.5758400001,10113,54,33,39.93,0,2015,12,2,2,49,0
2015-12-03,676883.031992,2513,54,33,41.08,0,2015,12,3,3,49,0
2015-12-04,749354.1319635,8073,54,33,40.0,0,2015,12,4,4,49,0
2015-12-05,966202.367876,2404,54,33,,1,2015,12,5,5,49,1
2015-12-06,1143119.31945,3188,54,33,,1,2015,12,6,6,49,1
2015-12-07,822334.708983,2031,54,33,37.64,0,2015,12,7,0,50,0
2015-12-08,712569.16983,4241,54,33,37.46,1,2015,12,8,1,50,0
2015-12-09,747893.782087,9603,54,33,37.16,0,2015,12,9,2,50,0
2015-12-10,657427.1785246,2013,54,33,36.76,0,2015,12,10,3,50,0
2015-12-11,708392.807819,7574,54,33,35.65,0,2015,12,11,4,50,0
2015-12-12,915667.884291,2179,54,33,,0,2015,12,12,5,50,1
2015-12-13,1059425.4213405,2924,54,33,,0,2015,12,13,6,50,1
2015-12-14,811613.7221567,1672,54,33,36.31,0,2015,12,14,0,51,0
2015-12-15,779809.953397,5965,54,33,37.32,0,2015,12,15,1,51,0
2015-12-16,859930.249129,11274,54,33,35.55,0,2015,12,16,2,51,0
2015-12-17,809809.748717,2120,54,33,34.98,0,2015,12,17,3,51,0
2015-12-18,893569.902701,7493,54,33,34.72,0,2015,12,18,4,51,0
2015-12-19,1095523.5178683,2231,54,33,,0,2015,12,19,5,51,1
2015-12-20,1175416.9636673,3037,54,33,,0,2015,12,20,6,51,1
2015-12-21,1072887.476889,1811,54,33,34.55,1,2015,12,21,0,52,0
2015-12-22,1141861.90926,4122,54,33,36.12,1,2015,12,22,1,52,0
2015-12-23,1196146.056374,9276,54,33,36.76,1,2015,12,23,2,52,0
2015-12-24,1083680.315238,1838,54,33,37.62,1,2015,12,24,3,52,0
2015-12-26,946725.190766,1725,54,33,,1,2015,12,26,5,52,1
2015-12-27,837714.129168,2582,54,33,,0,2015,12,27,6,52,1
2015-12-28,789684.9127821,1316,54,33,36.36,0,2015,12,28,0,53,0
2015-12-29,870762.025758,3848,54,33,37.88,0,2015,12,29,1,53,0
2015-12-30,1030043.735764,9068,54,33,36.59,0,2015,12,30,2,53,0
2015-12-31,964641.5415009999,1638,54,33,37.13,1,2015,12,31,3,53,0
2016-01-01,16433.394,159,54,33,36.97,1,2016,1,1,4,53,0
2016-01-02,1066677.424862,1832,54,33,,0,2016,1,2,5,53,1
2016-01-03,1226735.719895,2936,54,33,,0,2016,1,3,6,53,1
2016-01-04,955956.875097,1741,54,33,36.81,0,2016,1,4,0,1,0
2016-01-05,835320.439089,3950,54,33,35.97,0,2016,1,5,1,1,0
2016-01-06,821685.655923,8959,54,33,33.97,0,2016,1,6,2,1,0
2016-01-07,653504.3669428,1998,54,33,33.29,0,2016,1,7,3,1,0
2016-01-08,713608.3341557,7235,54,33,33.2,0,2016,1,8,4,1,0
2016-01-09,989209.458148,1793,54,33,,0,2016,1,9,5,1,1
2016-01-10,1094693.83696,2700,54,33,,0,2016,1,10,6,1,1
2016-01-11,705495.240963,1467,54,33,31.42,0,2016,1,11,0,2,0
2016-01-12,647058.461085,3683,54,33,30.42,0,2016,1,12,1,2,0
2016-01-13,660045.317135,8823,54,33,30.42,0,2016,1,13,2,2,0
2016-01-14,561972.62307,1917,54,33,31.22,0,2016,1,14,3,2,0
2016-01-15,671027.100027,7696,54,33,29.45,0,2016,1,15,4,2,0
2016-01-16,959827.146436,2282,54,33,,0,2016,1,16,5,2,1
2016-01-17,1057997.343303,3141,54,33,,0,2016,1,17,6,2,1
2016-01-18,709784.229951,2201,54,33,28.96,0,2016,1,18,0,3,0
2016-01-19,630929.75099,4738,54,33,28.47,0,2016,1,19,1,3,0
2016-01-20,738744.013045,10589,54,33,26.68,0,2016,1,20,2,3,0
2016-01-21,552820.7690359,940,54,33,29.55,0,2016,1,21,3,3,0
2016-01-22,648431.428037,6542,54,33,32.07,0,2016,1,22,4,3,0
2016-01-23,906754.833923,924,54,33,,0,2016,1,23,5,3,1
2016-01-24,980927.7570135,1964,54,33,,0,2016,1,24,6,3,1
2016-01-25,658090.687097,782,54,33,30.31,0,2016,1,25,0,4,0
2016-01-26,609465.787904,3075,54,33,29.54,0,2016,1,26,1,4,0
2016-01-27,647254.67807,8217,54,33,32.32,0,2016,1,27,2,4,0
2016-01-28,533709.8489592,2483,54,33,33.21,0,2016,1,28,3,4,0
2016-01-29,660492.758086,8261,54,33,33.66,0,2016,1,29,4,4,0
2016-01-30,969938.376831,2791,54,33,,0,2016,1,30,5,4,1
2016-01-31,1093211.2294,3759,54,33,,0,2016,1,31,6,4,1
2016-02-01,872063.3148838,2805,54,33,31.62,0,2016,2,1,0,5,0
2016-02-02,765233.207779,4924,54,33,29.9,0,2016,2,2,1,5,0
2016-02-03,772360.939004,9935,54,33,32.29,0,2016,2,3,2,5,0
2016-02-04,650328.166941,3326,54,33,31.63,0,2016,2,4,3,5,0
2016-02-05,768586.5079877,9244,54,33,30.86,0,2016,2,5,4,5,0
2016-02-06,941954.07605,3667,54,33,,0,2016,2,6,5,5,1
2016-02-07,697791.630994,4184,54,33,,0,2016,2,7,6,5,1
2016-02-08,636542.677274,3245,54,33,29.71,1,2016,2,8,0,6,0
2016-02-09,746939.64016,5542,54,33,27.96,1,2016,2,9,1,6,0
2016-02-10,790988.713851,10965,54,33,27.54,0,2016,2,10,2,6,0
2016-02-11,646376.371075,5650,54,33,26.19,0,2016,2,11,3,6,0
2016-02-12,698152.0698755,11248,54,33,29.32,0,2016,2,12,4,6,0
2016-02-13,859023.0269945,6018,54,33,,0,2016,2,13,5,6,1
2016-02-14,940214.498527,6966,54,33,,0,2016,2,14,6,6,1
2016-02-15,746671.290005,5744,54,33,29.185000000000002,0,2016,2,15,0,7,0
2016-02-16,719111.88609,6223,54,33,29.05,0,2016,2,16,1,7,0
2016-02-17,723794.722013,11241,54,33,30.68,0,2016,2,17,2,7,0
2016-02-18,570072.678149,3949,54,33,30.77,0,2016,2,18,3,7,0
2016-02-19,672510.133621,9501,54,33,29.59,0,2016,2,19,4,7,0
2016-02-20,883790.2212395,4278,54,33,,0,2016,2,20,5,7,1
2016-02-21,991384.2700283,5431,54,33,,0,2016,2,21,6,7,1
2016-02-22,698907.63622,4009,54,33,31.37,0,2016,2,22,0,8,0
2016-02-23,641329.0610941,6027,54,33,31.84,0,2016,2,23,1,8,0
2016-02-24,675573.377814,11117,54,33,30.35,0,2016,2,24,2,8,0
2016-02-25,557959.327812,3236,54,33,31.4,0,2016,2,25,3,8,0
2016-02-26,641922.8016649,9782,54,33,31.65,0,2016,2,26,4,8,0
2016-02-27,916704.0687289999,5172,54,33,,0,2016,2,27,5,8,1
2016-02-28,994502.727301,6156,54,33,,0,2016,2,28,6,8,1
2016-02-29,726619.7578255,3956,54,33,32.74,0,2016,2,29,0,9,0
2016-03-01,897927.643296,6666,54,33,34.39,0,2016,3,1,1,9,0
2016-03-02,878452.364907,11706,54,33,34.57,1,2016,3,2,2,9,0
2016-03-03,671564.7523075,3490,54,33,34.56,0,2016,3,3,3,9,0
2016-03-04,747546.7958183,9322,54,33,35.91,0,2016,3,4,4,9,0
2016-03-05,1028620.677053,3909,54,33,,0,2016,3,5,5,9,1
2016-03-06,1078958.5091855,4730,54,33,,0,2016,3,6,6,9,1
2016-03-07,738126.524119,3446,54,33,37.9,0,2016,3,7,0,10,0
2016-03-08,642291.3448895,5398,54,33,36.67,0,2016,3,8,1,10,0
2016-03-09,694645.8489091,10754,54,33,37.62,0,2016,3,9,2,10,0
2016-03-10,572491.856825,3430,54,33,37.77,0,2016,3,10,3,10,0
2016-03-11,664893.5129268001,9111,54,33,38.51,0,2016,3,11,4,10,0
2016-03-12,898101.109871,3825,54,33,,0,2016,3,12,5,10,1
2016-03-13,954980.3301475,4613,54,33,,0,2016,3,13,6,10,1
2016-03-14,668066.393105,3453,54,33,37.2,0,2016,3,14,0,11,0
2016-03-15,668186.702459,5709,54,33,36.32,0,2016,3,15,1,11,0
2016-03-16,739805.377693,10828,54,33,38.43,0,2016,3,16,2,11,0
2016-03-17,580452.5319757,4979,54,33,40.17,0,2016,3,17,3,11,0
2016-03-18,666756.8191527,9539,54,33,39.47,0,2016,3,18,4,11,0
2016-03-19,895038.512068,4430,54,33,,0,2016,3,19,5,11,1
2016-03-20,929605.582019,5296,54,33,,0,2016,3,20,6,11,1
2016-03-21,690469.800941,4119,54,33,39.91,0,2016,3,21,0,12,0
2016-03-22,622695.8369947,5900,54,33,41.45,0,2016,3,22,1,12,0
2016-03-23,714881.17408,11249,54,33,38.28,0,2016,3,23,2,12,0
2016-03-24,660489.8450025,2340,54,33,38.14,0,2016,3,24,3,12,0
2016-03-25,633524.200062,7584,54,33,38.065,1,2016,3,25,4,12,0
2016-03-26,800133.5174955,2400,54,33,,0,2016,3,26,5,12,1
2016-03-27,833336.064862,3329,54,33,,0,2016,3,27,6,12,1
2016-03-28,661057.8656583,2380,54,33,37.99,0,2016,3,28,0,13,0
2016-03-29,621166.0630926,4467,54,33,36.91,0,2016,3,29,1,13,0
2016-03-30,660138.988943,9807,54,33,36.91,0,2016,3,30,2,13,0
2016-03-31,617374.3379607,3581,54,33,36.94,0,2016,3,31,3,13,0
2016-04-01,872467.3200749999,9793,54,33,35.36,1,2016,4,1,4,13,0
2016-04-02,1150824.580929,3941,54,33,,0,2016,4,2,5,13,1
2016-04-03,1266908.291001,5092,54,33,,0,2016,4,3,6,13,1
2016-04-04,795237.1920634999,3643,54,33,34.3,0,2016,4,4,0,14,0
2016-04-05,725750.101045,5677,54,33,34.52,0,2016,4,5,1,14,0
2016-04-06,744784.8430795,11186,54,33,37.74,0,2016,4,6,2,14,0
2016-04-07,587939.720177,3080,54,33,37.3,0,2016,4,7,3,14,0
2016-04-08,689727.1961377,9240,54,33,39.74,0,2016,4,8,4,14,0
2016-04-09,927981.389244,4143,54,33,,0,2016,4,9,5,14,1
2016-04-10,1008876.737901,5403,54,33,,0,2016,4,10,6,14,1
2016-04-11,665348.963943,4377,54,33,40.46,0,2016,4,11,0,15,0
2016-04-12,651657.0342615,6825,54,33,42.12,1,2016,4,12,1,15,0
2016-04-13,672611.48105,12374,54,33,41.7,0,2016,4,13,2,15,0
2016-04-14,546785.2089455,3484,54,33,41.45,1,2016,4,14,3,15,0
2016-04-15,667606.299867,9158,54,33,40.4,0,2016,4,15,4,15,0
2016-04-16,862121.492036,3954,54,33,,1,2016,4,16,5,15,1
2016-04-17,1271833.739255,4986,54,33,,1,2016,4,17,6,15,1
2016-04-18,1345920.6048929,4075,54,33,39.74,1,2016,4,18,0,16,0
2016-04-19,1152089.208085,6110,54,33,40.88,1,2016,4,19,1,16,0
2016-04-20,1062426.2900389,12650,54,33,42.72,1,2016,4,20,2,16,0
2016-04-21,1001079.779168,5526,54,33,43.18,1,2016,4,21,3,16,0
2016-04-22,857059.24399,11038,54,33,42.76,1,2016,4,22,4,16,0
2016-04-23,1022143.1346499,5737,54,33,,1,2016,4,23,5,16,1
2016-04-24,1039369.932014,6762,54,33,,1,2016,4,24,6,16,1
2016-04-25,680000.753839,5125,54,33,41.67,1,2016,4,25,0,17,0
2016-04-26,704799.4182328,7306,54,33,42.52,1,2016,4,26,1,17,0
2016-04-27,670288.098041,13522,54,33,45.29,1,2016,4,27,2,17,0
2016-04-28,543339.849013,6363,54,33,46.03,1,2016,4,28,3,17,0
2016-04-29,708711.428894,14393,54,33,45.98,1,2016,4,29,4,17,0
2016-04-30,1067335.770093,10349,54,33,,1,2016,4,30,5,17,1
2016-05-01,1270121.20756,12056,54,33,,1,2016,5,1,6,17,1
2016-05-02,973985.670432,9677,54,33,44.75,1,2016,5,2,0,18,0
2016-05-03,792205.5501393,12286,54,33,43.65,1,2016,5,3,1,18,0
2016-05-04,798654.4540987,17422,54,33,43.77,1,2016,5,4,2,18,0
2016-05-05,648701.6029645,9971,54,33,44.33,1,2016,5,5,3,18,0
2016-05-06,761422.5161262,16096,54,33,44.58,1,2016,5,6,4,18,0
2016-05-07,1071192.776983,10650,54,33,,1,2016,5,7,5,18,1
2016-05-08,820824.6380683,10736,54,33,,1,2016,5,8,6,18,1
2016-05-09,771767.6541339,10233,54,33,43.45,1,2016,5,9,0,19,0
2016-05-10,693010.486981,12099,54,33,44.68,1,2016,5,10,1,19,0
2016-05-11,727543.4630335,15793,54,33,46.21,1,2016,5,11,2,19,0
2016-05-12,603394.2070997,8951,54,33,46.64,1,2016,5,12,3,19,0
2016-05-13,666833.8999414,14003,54,33,46.22,1,2016,5,13,4,19,0
2016-05-14,932869.5212631,9545,54,33,,1,2016,5,14,5,19,1
2016-05-15,1070331.66738,10418,54,33,,1,2016,5,15,6,19,1
2016-05-16,748112.686851,8877,54,33,47.72,1,2016,5,16,0,20,0
2016-05-17,661930.83884,10975,54,33,48.29,0,2016,5,17,1,20,0
2016-05-18,671232.9593407,14599,54,33,48.12,0,2016,5,18,2,20,0
2016-05-19,581470.5602065,8973,54,33,48.16,0,2016,5,19,3,20,0
2016-05-20,706024.0579254,14004,54,33,47.67,0,2016,5,20,4,20,0
2016-05-21,910757.16309,9307,54,33,,0,2016,5,21,5,20,1
2016-05-22,1030671.62292,10339,54,33,,0,2016,5,22,6,20,1
2016-05-23,695004.681298,8534,54,33,48.12,0,2016,5,23,0,21,0
2016-05-24,606377.2052165,10606,54,33,48.04,1,2016,5,24,1,21,0
2016-05-25,637512.038734,15657,54,33,49.1,0,2016,5,25,2,21,0
2016-05-26,571968.623123,10758,54,33,49.0,0,2016,5,26,3,21,0
2016-05-27,852689.219312,17133,54,33,49.36,1,2016,5,27,4,21,0
2016-05-28,816187.2200643,11524,54,33,,0,2016,5,28,5,21,1
2016-05-29,959853.658039,12737,54,33,,0,2016,5,29,6,21,1
2016-05-30,752452.419172,11392,54,33,49.230000000000004,0,2016,5,30,0,22,0
2016-05-31,974327.9898907,14668,54,33,49.1,0,2016,5,31,1,22,0
2016-06-01,811525.320315,15912,54,33,49.07,0,2016,6,1,2,22,0
2016-06-02,694535.9356793,8059,54,33,49.14,0,2016,6,2,3,22,0
2016-06-03,742363.085208,11747,54,33,48.69,0,2016,6,3,4,22,0
2016-06-04,1011996.61607,6666,54,33,,0,2016,6,4,5,22,1
2016-06-05,1123734.4361,7628,54,33,,0,2016,6,5,6,22,1
2016-06-06,729894.222866,6262,54,33,49.71,0,2016,6,6,0,23,0
2016-06-07,658714.653306,8345,54,33,50.37,0,2016,6,7,1,23,0
2016-06-08,696747.5498651,13972,54,33,51.23,0,2016,6,8,2,23,0
2016-06-09,547139.6129411,6261,54,33,50.52,0,2016,6,9,3,23,0
2016-06-10,637354.31962,12011,54,33,49.09,0,2016,6,10,4,23,0
2016-06-11,845838.2061645,7639,54,33,,0,2016,6,11,5,23,1
2016-06-12,947479.764963,8585,54,33,,0,2016,6,12,6,23,1
2016-06-13,685382.193062,7235,54,33,48.89,0,2016,6,13,0,24,0
2016-06-14,622267.7731045,9714,54,33,48.49,0,2016,6,14,1,24,0
2016-06-15,708327.6370845,16034,54,33,47.92,0,2016,6,15,2,24,0
2016-06-16,620526.243001,7642,54,33,46.14,0,2016,6,16,3,24,0
2016-06-17,737897.438279,13274,54,33,48.0,0,2016,6,17,4,24,0
2016-06-18,972971.109711,8524,54,33,,0,2016,6,18,5,24,1
2016-06-19,837363.023871,8814,54,33,,0,2016,6,19,6,24,1
2016-06-20,735754.3648971,7609,54,33,49.4,0,2016,6,20,0,25,0
2016-06-21,679248.0220203,9623,54,33,48.95,0,2016,6,21,1,25,0
2016-06-22,677730.6512057,15476,54,33,49.16,0,2016,6,22,2,25,0
2016-06-23,559653.337429,6384,54,33,49.34,1,2016,6,23,3,25,0
2016-06-24,641812.675912,11846,54,33,46.7,0,2016,6,24,4,25,0
2016-06-25,860296.8349625,6984,54,33,,1,2016,6,25,5,25,1
2016-06-26,954344.666933,8257,54,33,,0,2016,6,26,6,25,1
2016-06-27,684735.608995,6513,54,33,45.8,0,2016,6,27,0,26,0
2016-06-28,596948.934953,8118,54,33,47.93,0,2016,6,28,1,26,0
2016-06-29,632489.476942,13620,54,33,49.85,0,2016,6,29,2,26,0
2016-06-30,554144.864923,6662,54,33,48.27,0,2016,6,30,3,26,0
2016-07-01,857027.5539605,12713,54,33,49.02,0,2016,7,1,4,26,0
2016-07-02,1078485.141848,7331,54,33,,0,2016,7,2,5,26,1
2016-07-03,1126713.707945,8070,54,33,,1,2016,7,3,6,26,1
2016-07-04,850891.598845,6906,54,33,47.875,0,2016,7,4,0,27,0
2016-07-05,728011.558041,9188,54,33,46.73,0,2016,7,5,1,27,0
2016-07-06,752110.940641,16405,54,33,47.37,0,2016,7,6,2,27,0
2016-07-07,591702.7820185,5265,54,33,45.22,0,2016,7,7,3,27,0
2016-07-08,688563.400224,12532,54,33,45.37,0,2016,7,8,4,27,0
2016-07-09,868259.9708787,7671,54,33,,0,2016,7,9,5,27,1
2016-07-10,932486.3001359,8786,54,33,,0,2016,7,10,6,27,1
2016-07-11,688436.1450485,7134,54,33,44.73,0,2016,7,11,0,28,0
2016-07-12,627039.780111,8817,54,33,46.82,0,2016,7,12,1,28,0
2016-07-13,642494.4024465,13382,54,33,44.87,0,2016,7,13,2,28,0
2016-07-14,535124.328126,5346,54,33,45.64,0,2016,7,14,3,28,0
2016-07-15,675032.4290353,11407,54,33,45.93,0,2016,7,15,4,28,0
2016-07-16,887192.885063,6365,54,33,,0,2016,7,16,5,28,1
2016-07-17,932586.6967328,7336,54,33,,0,2016,7,17,6,28,1
2016-07-18,702619.751022,5892,54,33,45.23,0,2016,7,18,0,29,0
2016-07-19,633176.2922806,7823,54,33,44.64,0,2016,7,19,1,29,0
2016-07-20,686848.847004,13216,54,33,44.96,0,2016,7,20,2,29,0
2016-07-21,578823.6890245,5644,54,33,43.96,0,2016,7,21,3,29,0
2016-07-22,646633.655341,10352,54,33,43.41,0,2016,7,22,4,29,0
2016-07-23,822292.472006,5882,54,33,,1,2016,7,23,5,29,1
2016-07-24,847867.677942,6813,54,33,,1,2016,7,24,6,29,1
2016-07-25,697383.602092,5681,54,33,42.4,1,2016,7,25,0,30,0
2016-07-26,622771.923903,7550,54,33,42.16,0,2016,7,26,1,30,0
2016-07-27,651121.9849837,10781,54,33,41.9,0,2016,7,27,2,30,0
2016-07-28,533256.2493581,5647,54,33,41.13,0,2016,7,28,3,30,0
2016-07-29,669585.8378729,11243,54,33,41.54,0,2016,7,29,4,30,0
2016-07-30,910213.871959,6377,54,33,,0,2016,7,30,5,30,1
2016-07-31,997916.9572141,7050,54,33,,0,2016,7,31,6,30,1
2016-08-01,895580.405053,5349,54,33,40.05,0,2016,8,1,0,31,0
2016-08-02,777592.8388893,7884,54,33,39.5,0,2016,8,2,1,31,0
2016-08-03,779844.8100532,13361,54,33,40.8,0,2016,8,3,2,31,0
2016-08-04,622883.098161,5955,54,33,41.92,0,2016,8,4,3,31,0
2016-08-05,704092.7391311,11624,54,33,41.83,1,2016,8,5,4,31,0
2016-08-06,858903.2119025,6266,54,33,,0,2016,8,6,5,31,1
2016-08-07,904321.436838,7562,54,33,,0,2016,8,7,6,31,1
2016-08-08,715195.5388238,6231,54,33,43.06,0,2016,8,8,0,32,0
2016-08-09,635538.981035,8593,54,33,42.78,0,2016,8,9,1,32,0
2016-08-10,658457.436112,13998,54,33,41.75,1,2016,8,10,2,32,0
2016-08-11,596729.279945,6448,54,33,43.51,0,2016,8,11,3,32,0
2016-08-12,745662.5051491,11760,54,33,44.47,1,2016,8,12,4,32,0
2016-08-13,714905.9190669,6521,54,33,,0,2016,8,13,5,32,1
2016-08-14,761826.1289779,7400,54,33,,0,2016,8,14,6,32,1
2016-08-15,720032.299881,6925,54,33,45.72,1,2016,8,15,0,33,0
2016-08-16,718671.651353,8896,54,33,46.57,0,2016,8,16,1,33,0
2016-08-17,725945.703034,14445,54,33,46.81,0,2016,8,17,2,33,0
2016-08-18,577350.5209386,6847,54,33,48.2,0,2016,8,18,3,33,0
2016-08-19,678767.115815,12171,54,33,48.48,0,2016,8,19,4,33,0
2016-08-20,828986.33584,7317,54,33,,0,2016,8,20,5,33,1
2016-08-21,901870.149939,8091,54,33,,0,2016,8,21,6,33,1
2016-08-22,714866.233843,6907,54,33,46.8,0,2016,8,22,0,34,0
2016-08-23,660819.9779755,8720,54,33,47.54,0,2016,8,23,1,34,0
2016-08-24,674613.0479498,13484,54,33,46.29,1,2016,8,24,2,34,0
2016-08-25,554421.529139,5714,54,33,46.97,0,2016,8,25,3,34,0
2016-08-26,646698.272887,11058,54,33,47.64,0,2016,8,26,4,34,0
2016-08-27,791047.534486,6313,54,33,,0,2016,8,27,5,34,1
2016-08-28,858802.419759,7180,54,33,,0,2016,8,28,6,34,1
2016-08-29,671845.736816,6096,54,33,46.97,0,2016,8,29,0,35,0
2016-08-30,624711.335056,8397,54,33,46.32,0,2016,8,30,1,35,0
2016-08-31,731430.1240452,14079,54,33,44.68,0,2016,8,31,2,35,0
2016-09-01,718105.570925,6204,54,33,43.17,0,2016,9,1,3,35,0
2016-09-02,837129.587642,11445,54,33,44.39,0,2016,9,2,4,35,0
2016-09-03,1057581.210918,5986,54,33,,0,2016,9,3,5,35,1
2016-09-04,1109985.857533,6669,54,33,,0,2016,9,4,6,35,1
2016-09-05,813763.2950235,5446,54,33,44.620000000000005,0,2016,9,5,0,36,0
2016-09-06,751583.025072,7130,54,33,44.85,0,2016,9,6,1,36,0
2016-09-07,738543.916999,12437,54,33,45.47,0,2016,9,7,2,36,0
2016-09-08,595849.2986095,5757,54,33,47.63,0,2016,9,8,3,36,0
2016-09-09,658969.026968,11435,54,33,45.88,0,2016,9,9,4,36,0
2016-09-10,915938.559049,6595,54,33,,0,2016,9,10,5,36,1
2016-09-11,1017369.2242663,7187,54,33,,0,2016,9,11,6,36,1
2016-09-12,678776.4591265,5902,54,33,46.28,0,2016,9,12,0,37,0
2016-09-13,603427.946974,7836,54,33,44.91,0,2016,9,13,1,37,0
2016-09-14,624262.071976,13238,54,33,43.62,0,2016,9,14,2,37,0
2016-09-15,568324.812986,8373,54,33,43.85,0,2016,9,15,3,37,0
2016-09-16,691912.601466,14453,54,33,43.04,0,2016,9,16,4,37,0
2016-09-17,899219.297508,9645,54,33,,0,2016,9,17,5,37,1
2016-09-18,1018662.657394,10453,54,33,,0,2016,9,18,6,37,1
2016-09-19,681159.341976,8924,54,33,43.34,0,2016,9,19,0,38,0
2016-09-20,650980.3219717001,10992,54,33,43.85,0,2016,9,20,1,38,0
2016-09-21,666928.400013,16166,54,33,45.33,0,2016,9,21,2,38,0
2016-09-22,533276.332017,9185,54,33,46.1,0,2016,9,22,3,38,0
2016-09-23,663685.9846653,14938,54,33,44.36,0,2016,9,23,4,38,0
2016-09-24,861830.389997,10165,54,33,,0,2016,9,24,5,38,1
2016-09-25,952352.5509251,10902,54,33,,0,2016,9,25,6,38,1
2016-09-26,664217.4402937,9248,54,33,45.6,0,2016,9,26,0,39,0
2016-09-27,587908.3278165,11118,54,33,44.65,0,2016,9,27,1,39,0
2016-09-28,631761.1750463,15766,54,33,47.07,1,2016,9,28,2,39,0
2016-09-29,520744.9210333,8746,54,33,47.72,0,2016,9,29,3,39,0
2016-09-30,703198.490806,14020,54,33,47.72,0,2016,9,30,4,39,0
2016-10-01,1175033.65823,9040,54,33,,0,2016,10,1,5,39,1
2016-10-02,1256480.1709663,10009,54,33,,0,2016,10,2,6,39,1
2016-10-03,833060.55889,8527,54,33,48.8,0,2016,10,3,0,40,0
2016-10-04,724113.096039,11381,54,33,48.67,0,2016,10,4,1,40,0
2016-10-05,749712.3000211,16510,54,33,49.75,0,2016,10,5,2,40,0
2016-10-06,581429.340158,8844,54,33,50.44,0,2016,10,6,3,40,0
2016-10-07,797612.239327,14565,54,33,49.76,1,2016,10,7,4,40,0
2016-10-08,932551.706831,9965,54,33,,0,2016,10,8,5,40,1
2016-10-09,1088251.479908,10957,54,33,,1,2016,10,9,6,40,1
2016-10-10,725312.8469015,9518,54,33,49.76,0,2016,10,10,0,41,0
2016-10-11,625271.993952,11499,54,33,50.72,0,2016,10,11,1,41,0
2016-10-12,665126.077693,15499,54,33,50.14,0,2016,10,12,2,41,0
2016-10-13,558859.8909975,9141,54,33,50.47,0,2016,10,13,3,41,0
2016-10-14,667954.207226,14622,54,33,50.35,0,2016,10,14,4,41,0
2016-10-15,890613.591114,9962,54,33,,0,2016,10,15,5,41,1
2016-10-16,1104504.6882152,11029,54,33,,0,2016,10,16,6,41,1
2016-10-17,710456.4240015,8913,54,33,49.97,0,2016,10,17,0,42,0
2016-10-18,630638.592023,10764,54,33,50.3,0,2016,10,18,1,42,0
2016-10-19,647823.468973,15074,54,33,51.59,0,2016,10,19,2,42,0
2016-10-20,583001.280078,8438,54,33,50.31,0,2016,10,20,3,42,0
2016-10-21,669453.5420583,13952,54,33,50.61,0,2016,10,21,4,42,0
2016-10-22,843626.415914,8824,54,33,,0,2016,10,22,5,42,1
2016-10-23,1022953.689959,10108,54,33,,0,2016,10,23,6,42,1
2016-10-24,668507.6451983,8278,54,33,50.18,0,2016,10,24,0,43,0
2016-10-25,610590.8979547,10318,54,33,49.45,0,2016,10,25,1,43,0
2016-10-26,633413.8905697,20046,54,33,48.75,0,2016,10,26,2,43,0
2016-10-27,544361.4798829,12296,54,33,49.71,0,2016,10,27,3,43,0
2016-10-28,638838.252231,18399,54,33,48.72,0,2016,10,28,4,43,0
2016-10-29,841074.6969995,15002,54,33,,0,2016,10,29,5,43,1
2016-10-30,954838.191008,15945,54,33,,0,2016,10,30,6,43,1
2016-10-31,654923.5029715,13089,54,33,46.83,0,2016,10,31,0,44,0
2016-11-01,811832.445984,15036,54,33,46.66,0,2016,11,1,1,44,0
2016-11-02,969033.618953,21832,54,33,45.32,1,2016,11,2,2,44,0
2016-11-03,793811.6841115,13041,54,33,44.66,1,2016,11,3,3,44,0
2016-11-04,858468.216477,17726,54,33,44.07,1,2016,11,4,4,44,0
2016-11-05,887751.298669,13143,54,33,,0,2016,11,5,5,44,1
2016-11-06,1140367.104134,14731,54,33,,1,2016,11,6,6,44,1
2016-11-07,849451.0429045,12332,54,33,44.88,1,2016,11,7,0,45,0
2016-11-08,767439.628434,13995,54,33,44.96,0,2016,11,8,1,45,0
2016-11-09,790276.839009,21413,54,33,45.2,0,2016,11,9,2,45,0
2016-11-10,588241.7590247,11964,54,33,44.62,1,2016,11,10,3,45,0
2016-11-11,713396.4541223,17688,54,33,43.39,1,2016,11,11,4,45,0
2016-11-12,929802.771943,13278,54,33,,1,2016,11,12,5,45,1
2016-11-13,1188982.232398,14446,54,33,,0,2016,11,13,6,45,1
2016-11-14,735723.172977,10519,54,33,43.29,0,2016,11,14,0,46,0
2016-11-15,691801.6290437999,13178,54,33,45.86,0,2016,11,15,1,46,0
2016-11-16,830431.7415873,20041,54,33,45.56,0,2016,11,16,2,46,0
2016-11-17,615228.2560159,9983,54,33,45.37,0,2016,11,17,3,46,0
2016-11-18,738265.552222,15252,54,33,45.69,0,2016,11,18,4,46,0
2016-11-19,935656.0010137,11708,54,33,,0,2016,11,19,5,46,1
2016-11-20,1125178.987911,12877,54,33,,0,2016,11,20,6,46,1
2016-11-21,773762.280859,11295,54,33,47.48,0,2016,11,21,0,47,0
2016-11-22,690281.251004,13276,54,33,48.07,0,2016,11,22,1,47,0
2016-11-23,753685.041456,20488,54,33,46.72,0,2016,11,23,2,47,0
2016-11-24,595457.3062203,11234,54,33,46.72,0,2016,11,24,3,47,0
2016-11-25,737819.484836,17137,54,33,46.72,1,2016,11,25,4,47,0
2016-11-26,908066.823384,12489,54,33,,0,2016,11,26,5,47,1
2016-11-27,1056721.5920875,13624,54,33,,0,2016,11,27,6,47,1
2016-11-28,752583.7680527,11861,54,33,45.66,1,2016,11,28,0,48,0
2016-11-29,645760.5082353,13347,54,33,45.29,0,2016,11,29,1,48,0
2016-11-30,767361.704324,19424,54,33,49.41,0,2016,11,30,2,48,0
2016-12-01,843603.315088,12985,54,33,51.08,0,2016,12,1,3,48,0
2016-12-02,853454.930795,18819,54,33,51.7,0,2016,12,2,4,48,0
2016-12-03,1113440.567059,14279,54,33,,0,2016,12,3,5,48,1
2016-12-04,1276195.0362097,15186,54,33,,0,2016,12,4,6,48,1
2016-12-05,896824.938971,13159,54,33,51.72,1,2016,12,5,0,49,0
2016-12-06,932546.385931,15573,54,33,50.95,1,2016,12,6,1,49,0
2016-12-07,867653.7351403,26861,54,33,49.85,0,2016,12,7,2,49,0
2016-12-08,674077.382905,13681,54,33,50.84,1,2016,12,8,3,49,0
2016-12-09,774941.923982,19275,54,33,51.51,0,2016,12,9,4,49,0
2016-12-10,920050.745917,14826,54,33,,0,2016,12,10,5,49,1
2016-12-11,1119324.243986,16281,54,33,,0,2016,12,11,6,49,1
2016-12-12,844251.703802,13791,54,33,52.74,0,2016,12,12,0,50,0
2016-12-13,747161.615593,16204,54,33,52.99,0,2016,12,13,1,50,0
2016-12-14,829763.2190675,21728,54,33,51.01,0,2016,12,14,2,50,0
2016-12-15,747641.1828753001,14623,54,33,50.9,0,2016,12,15,3,50,0
2016-12-16,918899.786306,20131,54,33,51.93,0,2016,12,16,4,50,0
2016-12-17,1071655.6282493,15863,54,33,,0,2016,12,17,5,50,1
2016-12-18,1260471.9085900001,17228,54,33,,0,2016,12,18,6,50,1
2016-12-19,1028242.8227987,15014,54,33,52.13,0,2016,12,19,0,51,0
2016-12-20,1080402.388032,17863,54,33,52.22,0,2016,12,20,1,51,0
2016-12-21,1181307.3270735,23427,54,33,51.44,1,2016,12,21,2,51,0
2016-12-22,1135849.391084,15486,54,33,51.98,1,2016,12,22,3,51,0
2016-12-23,1282145.5171351,21531,54,33,52.01,1,2016,12,23,4,51,0
2016-12-24,1246837.8430543,15250,54,33,,1,2016,12,24,5,51,1
2016-12-26,1032770.748898,14818,54,33,52.415,1,2016,12,26,0,52,0
2016-12-27,842475.490118,16147,54,33,52.82,0,2016,12,27,1,52,0
2016-12-28,951533.7138481,23634,54,33,54.01,0,2016,12,28,2,52,0
2016-12-29,894108.236835,15877,54,33,53.8,0,2016,12,29,3,52,0
2016-12-30,1163643.0379923,21974,54,33,53.75,0,2016,12,30,4,52,0
2016-12-31,1109012.812049,15984,54,33,,1,2016,12,31,5,52,1
2017-01-01,12082.500997,170,54,33,,1,2017,1,1,6,52,1
2017-01-02,1402306.370834,11812,54,33,53.055,1,2017,1,2,0,1,0
2017-01-03,1104377.0798245,13906,54,33,52.36,0,2017,1,3,1,1,0
2017-01-04,990093.463742,22918,54,33,53.26,0,2017,1,4,2,1,0
2017-01-05,777620.9540695,8550,54,33,53.77,0,2017,1,5,3,1,0
2017-01-06,839600.237989,15539,54,33,53.98,0,2017,1,6,4,1,0
2017-01-07,1103806.298949,10406,54,33,,0,2017,1,7,5,1,1
2017-01-08,1192543.750978,11277,54,33,,0,2017,1,8,6,1,1
2017-01-09,793724.8969065,9647,54,33,51.95,0,2017,1,9,0,2,0
2017-01-10,742635.5692609,11820,54,33,50.82,0,2017,1,10,1,2,0
2017-01-11,770742.690065,17301,54,33,52.19,0,2017,1,11,2,2,0
2017-01-12,629635.794004,9601,54,33,53.01,0,2017,1,12,3,2,0
2017-01-13,768898.9443882,15674,54,33,52.36,0,2017,1,13,4,2,0
2017-01-14,1021050.536226,10682,54,33,,0,2017,1,14,5,2,1
2017-01-15,1175725.165838,11548,54,33,,0,2017,1,15,6,2,1
2017-01-16,824488.666175,9912,54,33,52.405,0,2017,1,16,0,3,0
2017-01-17,750836.542952,12064,54,33,52.45,0,2017,1,17,1,3,0
2017-01-18,782656.0246723,18723,54,33,51.12,0,2017,1,18,2,3,0
2017-01-19,606949.7448793,9633,54,33,51.39,0,2017,1,19,3,3,0
2017-01-20,725703.6910875,14854,54,33,52.33,0,2017,1,20,4,3,0
2017-01-21,1072721.724905,10194,54,33,,0,2017,1,21,5,3,1
2017-01-22,1148214.358454,11257,54,33,,0,2017,1,22,6,3,1
2017-01-23,798133.612125,9356,54,33,52.77,0,2017,1,23,0,4,0
2017-01-24,721275.774781,11940,54,33,52.38,0,2017,1,24,1,4,0
2017-01-25,744342.5929227,18532,54,33,52.14,0,2017,1,25,2,4,0
2017-01-26,576515.5369877,7562,54,33,53.24,0,2017,1,26,3,4,0
2017-01-27,722113.958837,13112,54,33,53.18,0,2017,1,27,4,4,0
2017-01-28,977850.40585,8264,54,33,,0,2017,1,28,5,4,1
2017-01-29,1075166.993043,9260,54,33,,0,2017,1,29,6,4,1
2017-01-30,698123.768037,7330,54,33,52.63,0,2017,1,30,0,5,0
2017-01-31,778222.285925,10584,54,33,52.75,0,2017,1,31,1,5,0
2017-02-01,961777.382874,16375,54,33,53.9,0,2017,2,1,2,5,0
2017-02-02,748882.732615,8017,54,33,53.55,0,2017,2,2,3,5,0
2017-02-03,834667.1519293,13655,54,33,53.81,0,2017,2,3,4,5,0
2017-02-04,1132788.541413,8302,54,33,,0,2017,2,4,5,5,1
2017-02-05,1151987.631095,9052,54,33,,0,2017,2,5,6,5,1
2017-02-06,786672.394181,7734,54,33,53.01,0,2017,2,6,0,6,0
2017-02-07,739431.213302,9964,54,33,52.19,0,2017,2,7,1,6,0
2017-02-08,783605.377185,19103,54,33,52.37,0,2017,2,8,2,6,0
2017-02-09,624387.487899,7213,54,33,52.99,0,2017,2,9,3,6,0
2017-02-10,752207.2398545,12607,54,33,53.84,0,2017,2,10,4,6,0
2017-02-11,944924.65301,7840,54,33,,0,2017,2,11,5,6,1
2017-02-12,1074820.900014,8800,54,33,,0,2017,2,12,6,6,1
2017-02-13,794314.4320675,7527,54,33,52.96,0,2017,2,13,0,7,0
2017-02-14,642613.187069,9653,54,33,53.21,0,2017,2,14,1,7,0
2017-02-15,745780.355084,17201,54,33,53.11,0,2017,2,15,2,7,0
2017-02-16,645968.2570671,8104,54,33,53.41,0,2017,2,16,3,7,0
2017-02-17,758855.71279,13615,54,33,53.41,0,2017,2,17,4,7,0
2017-02-18,1063394.844003,8434,54,33,,0,2017,2,18,5,7,1
2017-02-19,858897.1230135,9119,54,33,,0,2017,2,19,6,7,1
2017-02-20,759120.0599607,8008,54,33,53.715,0,2017,2,20,0,8,0
2017-02-21,717807.6770255,10436,54,33,54.02,0,2017,2,21,1,8,0
2017-02-22,739388.0344027,16096,54,33,53.61,0,2017,2,22,2,8,0
2017-02-23,675578.500156,8374,54,33,54.48,0,2017,2,23,3,8,0
2017-02-24,816197.498952,14147,54,33,53.99,0,2017,2,24,4,8,0
2017-02-25,1026011.2228075,9005,54,33,,0,2017,2,25,5,8,1
2017-02-26,775708.987978,9260,54,33,,0,2017,2,26,6,8,1
2017-02-27,744956.948138,8398,54,33,54.04,1,2017,2,27,0,9,0
2017-02-28,949366.8290505,11215,54,33,54.0,1,2017,2,28,1,9,0
2017-03-01,1008521.709962,18621,54,33,53.82,0,2017,3,1,2,9,0
2017-03-02,836225.179072,9186,54,33,52.63,1,2017,3,2,3,9,0
2017-03-03,882639.776274,15308,54,33,53.33,0,2017,3,3,4,9,0
2017-03-04,1125736.3470592,9661,54,33,,0,2017,3,4,5,9,1
2017-03-05,1196983.690104,10362,54,33,,0,2017,3,5,6,9,1
2017-03-06,790143.2410905,8100,54,33,53.19,0,2017,3,6,0,10,0
2017-03-07,761866.729975,10556,54,33,52.68,0,2017,3,7,1,10,0
2017-03-08,781046.6619577,16073,54,33,49.83,0,2017,3,8,2,10,0
2017-03-09,653901.1919827,7340,54,33,48.75,0,2017,3,9,3,10,0
2017-03-10,773855.30685,13248,54,33,48.05,0,2017,3,10,4,10,0
2017-03-11,1001174.4340065,7610,54,33,,0,2017,3,11,5,10,1
2017-03-12,1146006.826973,8594,54,33,,0,2017,3,12,6,10,1
2017-03-13,754390.380036,7142,54,33,47.95,0,2017,3,13,0,11,0
2017-03-14,700998.0346447,9650,54,33,47.24,0,2017,3,14,1,11,0
2017-03-15,815621.887369,15436,54,33,48.34,0,2017,3,15,2,11,0
2017-03-16,699108.166824,7569,54,33,48.3,0,2017,3,16,3,11,0
2017-03-17,812306.77427,14263,54,33,48.34,0,2017,3,17,4,11,0
2017-03-18,1038906.566154,8705,54,33,,0,2017,3,18,5,11,1
2017-03-19,1157140.638587,9579,54,33,,0,2017,3,19,6,11,1
2017-03-20,826428.90991,8349,54,33,47.79,0,2017,3,20,0,12,0
2017-03-21,746620.926177,11112,54,33,47.02,0,2017,3,21,1,12,0
2017-03-22,767880.804934,16052,54,33,47.29,0,2017,3,22,2,12,0
2017-03-23,670848.010029,6839,54,33,47.0,0,2017,3,23,3,12,0
2017-03-24,787914.125515,13150,54,33,47.3,0,2017,3,24,4,12,0
2017-03-25,1038139.316887,8520,54,33,,0,2017,3,25,5,12,1
2017-03-26,1101557.476706,9434,54,33,,0,2017,3,26,6,12,1
2017-03-27,784103.265042,7884,54,33,47.02,0,2017,3,27,0,13,0
2017-03-28,702943.9485770001,10654,54,33,48.36,0,2017,3,28,1,13,0
2017-03-29,824632.985033,17151,54,33,49.47,0,2017,3,29,2,13,0
2017-03-30,637624.340998,9116,54,33,50.3,0,2017,3,30,3,13,0
2017-03-31,878750.03788,14027,54,33,50.54,0,2017,3,31,4,13,0
2017-04-01,1463083.962459,7450,54,33,,1,2017,4,1,5,13,1
2017-04-02,1138650.058898,7946,54,33,,0,2017,4,2,6,13,1
2017-04-03,835191.622029,6545,54,33,50.25,0,2017,4,3,0,14,0
2017-04-04,835602.6360017,9316,54,33,50.99,0,2017,4,4,1,14,0
2017-04-05,846631.307907,15094,54,33,51.14,0,2017,4,5,2,14,0
2017-04-06,683059.570103,6973,54,33,51.69,0,2017,4,6,3,14,0
2017-04-07,765502.211925,12478,54,33,52.25,0,2017,4,7,4,14,0
2017-04-08,988591.469958,7567,54,33,,0,2017,4,8,5,14,1
2017-04-09,1101713.657101,8423,54,33,,0,2017,4,9,6,14,1
2017-04-10,739392.130988,6662,54,33,53.06,0,2017,4,10,0,15,0
2017-04-11,741331.430196,9681,54,33,53.38,0,2017,4,11,1,15,0
2017-04-12,791762.312883,18094,54,33,53.12,1,2017,4,12,2,15,0
2017-04-13,737029.565183,10215,54,33,53.19,1,2017,4,13,3,15,0
2017-04-14,740889.486829,15812,54,33,52.905,1,2017,4,14,4,15,0
2017-04-15,898610.217928,10690,54,33,,0,2017,4,15,5,15,1
2017-04-16,985493.795113,11676,54,33,,0,2017,4,16,6,15,1
2017-04-17,775916.9059055,10152,54,33,52.62,0,2017,4,17,0,16,0
2017-04-18,717196.315762,11980,54,33,52.46,0,2017,4,18,1,16,0
2017-04-19,735733.2142477001,19618,54,33,50.49,0,2017,4,19,2,16,0
2017-04-20,675804.0219027,11231,54,33,50.26,0,2017,4,20,3,16,0
2017-04-21,795795.893872,18291,54,33,49.64,1,2017,4,21,4,16,0
2017-04-22,974952.817869,12972,54,33,,0,2017,4,22,5,16,1
2017-04-23,1140070.2748035,14276,54,33,,0,2017,4,23,6,16,1
2017-04-24,755072.530945,12476,54,33,48.9,0,2017,4,24,0,17,0
2017-04-25,718996.080637,14844,54,33,49.22,0,2017,4,25,1,17,0
2017-04-26,781159.2829995,21140,54,33,49.22,0,2017,4,26,2,17,0
2017-04-27,624910.0260955,12602,54,33,48.96,0,2017,4,27,3,17,0
2017-04-28,797636.6251025,18991,54,33,49.31,0,2017,4,28,4,17,0
2017-04-29,1068279.815941,13643,54,33,,0,2017,4,29,5,17,1
2017-04-30,1041249.2479705,14204,54,33,,0,2017,4,30,6,17,1
2017-05-01,1306699.366897,12733,54,33,48.83,1,2017,5,1,0,18,0
2017-05-02,907324.094113,14155,54,33,47.65,0,2017,5,2,1,18,0
2017-05-03,924247.257204,21181,54,33,47.79,0,2017,5,3,2,18,0
2017-05-04,716654.608983,10040,54,33,45.55,0,2017,5,4,3,18,0
2017-05-05,780798.407016,15908,54,33,46.23,0,2017,5,5,4,18,0
2017-05-06,1039417.861868,10346,54,33,,0,2017,5,6,5,18,1
2017-05-07,1227380.607924,11503,54,33,,0,2017,5,7,6,18,1
2017-05-08,776307.495015,9552,54,33,46.46,0,2017,5,8,0,19,0
2017-05-09,715811.198881,12040,54,33,45.84,0,2017,5,9,1,19,0
2017-05-10,766101.907094,20292,54,33,47.28,0,2017,5,10,2,19,0
2017-05-11,648650.413039,11109,54,33,47.81,0,2017,5,11,3,19,0
2017-05-12,764812.415784,16721,54,33,47.83,1,2017,5,12,4,19,0
2017-05-13,1116976.891153,12225,54,33,,1,2017,5,13,5,19,1
2017-05-14,884199.9138385,12682,54,33,,1,2017,5,14,6,19,1
2017-05-15,823035.572122,11265,54,33,48.86,0,2017,5,15,0,20,0
2017-05-16,807803.8950783,13685,54,33,48.64,0,2017,5,16,1,20,0
2017-05-17,841407.607944,18617,54,33,49.04,0,2017,5,17,2,20,0
2017-05-18,628487.989962,10594,54,33,49.36,0,2017,5,18,3,20,0
2017-05-19,773775.4378677,15706,54,33,50.32,0,2017,5,19,4,20,0
2017-05-20,1035667.381833,10841,54,33,,0,2017,5,20,5,20,1
2017-05-21,1201938.886229,12033,54,33,,0,2017,5,21,6,20,1
2017-05-22,778935.156126,10039,54,33,50.81,0,2017,5,22,0,21,0
2017-05-23,723151.767982,12292,54,33,51.12,0,2017,5,23,1,21,0
2017-05-24,746303.6271255,20850,54,33,50.99,1,2017,5,24,2,21,0
2017-05-25,620108.24391,9527,54,33,48.57,0,2017,5,25,3,21,0
2017-05-26,984511.1521135,16458,54,33,49.58,1,2017,5,26,4,21,0
2017-05-27,932219.893144,10604,54,33,,0,2017,5,27,5,21,1
2017-05-28,1061771.636907,11854,54,33,,0,2017,5,28,6,21,1
2017-05-29,776813.137038,10056,54,33,49.605000000000004,0,2017,5,29,0,22,0
2017-05-30,742471.2769905,12281,54,33,49.63,0,2017,5,30,1,22,0
2017-05-31,858062.149411,17457,54,33,48.29,0,2017,5,31,2,22,0
2017-06-01,766859.172845,3498,54,33,48.32,0,2017,6,1,3,22,0
2017-06-02,918421.319125,13480,54,33,47.68,0,2017,6,2,4,22,0
2017-06-03,1176138.109152,9337,54,33,,0,2017,6,3,5,22,1
2017-06-04,1376511.520495,10512,54,33,,0,2017,6,4,6,22,1
2017-06-05,912693.8511,8750,54,33,47.4,0,2017,6,5,0,23,0
2017-06-06,805546.647956,11319,54,33,48.13,0,2017,6,6,1,23,0
2017-06-07,842979.8370823,17369,54,33,45.8,0,2017,6,7,2,23,0
2017-06-08,667099.801025,10621,54,33,45.68,0,2017,6,8,3,23,0
2017-06-09,795116.1360699,15713,54,33,45.82,0,2017,6,9,4,23,0
2017-06-10,993732.684049,11792,54,33,,0,2017,6,10,5,23,1
2017-06-11,1213673.946877,13187,54,33,,0,2017,6,11,6,23,1
2017-06-12,768349.7589517,10854,54,33,46.1,0,2017,6,12,0,24,0
2017-06-13,729412.959849,13186,54,33,46.41,0,2017,6,13,1,24,0
2017-06-14,785885.9088963,20019,54,33,44.79,0,2017,6,14,2,24,0
2017-06-15,660338.346974,10081,54,33,44.47,0,2017,6,15,3,24,0
2017-06-16,834786.4275550001,15820,54,33,44.73,0,2017,6,16,4,24,0
2017-06-17,1096133.5508865,11567,54,33,,0,2017,6,17,5,24,1
2017-06-18,965144.121179,12259,54,33,,0,2017,6,18,6,24,1
2017-06-19,791146.393731,10399,54,33,44.24,0,2017,6,19,0,25,0
2017-06-20,787326.7170395,13072,54,33,43.34,0,2017,6,20,1,25,0
2017-06-21,766159.0112892,21009,54,33,42.48,0,2017,6,21,2,25,0
2017-06-22,609868.8309586,11621,54,33,42.53,0,2017,6,22,3,25,0
2017-06-23,761049.7450639,17672,54,33,42.86,1,2017,6,23,4,25,0
2017-06-24,963268.227135,12262,54,33,,0,2017,6,24,5,25,1
2017-06-25,1092610.858614,13371,54,33,,1,2017,6,25,6,25,1
2017-06-26,755367.8450665,10857,54,33,43.24,0,2017,6,26,0,26,0
2017-06-27,682218.468913,13169,54,33,44.25,0,2017,6,27,1,26,0
2017-06-28,731896.9850105,20138,54,33,44.74,0,2017,6,28,2,26,0
2017-06-29,630811.802872,13403,54,33,44.88,0,2017,6,29,3,26,0
2017-06-30,802273.1392327,18245,54,33,46.02,0,2017,6,30,4,26,0
2017-07-01,1207529.921868,13017,54,33,,0,2017,7,1,5,26,1
2017-07-02,1296379.2175535,13882,54,33,,0,2017,7,2,6,26,1
2017-07-03,925143.408816,12329,54,33,45.71666666666667,1,2017,7,3,0,27,0
2017-07-04,832359.2860137,14888,54,33,45.413333333333334,0,2017,7,4,1,27,0
2017-07-05,844301.613116,23049,54,33,45.11,0,2017,7,5,2,27,0
2017-07-06,700272.0099567,13192,54,33,45.52,0,2017,7,6,3,27,0
2017-07-07,805792.302193,18485,54,33,44.25,0,2017,7,7,4,27,0
2017-07-08,998347.1930085,13428,54,33,,0,2017,7,8,5,27,1
2017-07-09,1100833.322376,14273,54,33,,0,2017,7,9,6,27,1
2017-07-10,804158.8610365,12239,54,33,44.4,0,2017,7,10,0,28,0
2017-07-11,730534.767701,14429,54,33,45.06,0,2017,7,11,1,28,0
2017-07-12,748799.9959087,20226,54,33,45.48,0,2017,7,12,2,28,0
2017-07-13,629651.3629294999,10199,54,33,46.06,0,2017,7,13,3,28,0
2017-07-14,765489.6173932999,16059,54,33,46.53,0,2017,7,14,4,28,0
2017-07-15,969077.125075,11079,54,33,,0,2017,7,15,5,28,1
2017-07-16,1100803.699023,11720,54,33,,0,2017,7,16,6,28,1
2017-07-17,818325.522149,10056,54,33,46.02,0,2017,7,17,0,29,0
2017-07-18,730133.70894,12065,54,33,46.4,0,2017,7,18,1,29,0
2017-07-19,767978.778078,18201,54,33,47.1,0,2017,7,19,2,29,0
2017-07-20,688288.067857,10708,54,33,46.73,0,2017,7,20,3,29,0
2017-07-21,782418.2992188,15340,54,33,45.78,0,2017,7,21,4,29,0
2017-07-22,932902.046681,10070,54,33,,0,2017,7,22,5,29,1
2017-07-23,1024288.741245,10870,54,33,,1,2017,7,23,6,29,1
2017-07-24,816564.327096,9448,54,33,46.21,1,2017,7,24,0,30,0
2017-07-25,713581.632609,11325,54,33,47.77,1,2017,7,25,1,30,0
2017-07-26,740653.044167,18725,54,33,48.58,0,2017,7,26,2,30,0
2017-07-27,659849.8270588,8001,54,33,49.05,0,2017,7,27,3,30,0
2017-07-28,835099.6822035,13850,54,33,49.72,0,2017,7,28,4,30,0
2017-07-29,1032310.865737,9099,54,33,,0,2017,7,29,5,30,1
2017-07-30,1123752.4779517,10227,54,33,,0,2017,7,30,6,30,1
2017-07-31,885856.8408705,8649,54,33,50.21,0,2017,7,31,0,31,0
2017-08-01,988527.763204,10150,54,33,49.19,0,2017,8,1,1,31,0
2017-08-02,964712.016051,16524,54,33,49.6,0,2017,8,2,2,31,0
2017-08-03,728068.485132,7859,54,33,49.03,0,2017,8,3,3,31,0
2017-08-04,827775.686128,14193,54,33,49.57,0,2017,8,4,4,31,0
2017-08-05,965693.650492,8684,54,33,,1,2017,8,5,5,31,1
2017-08-06,1049559.164277,9565,54,33,,0,2017,8,6,6,31,1
2017-08-07,797464.963817,8209,54,33,49.37,0,2017,8,7,0,32,0
2017-08-08,717766.3491055,10638,54,33,49.07,0,2017,8,8,1,32,0
2017-08-09,734139.67401,16117,54,33,49.59,0,2017,8,9,2,32,0
2017-08-10,651386.9119697,7917,54,33,48.54,1,2017,8,10,3,32,0
2017-08-11,826373.722022,14179,54,33,48.81,1,2017,8,11,4,32,0
2017-08-12,792630.5350785,8312,54,33,,0,2017,8,12,5,32,1
2017-08-13,865639.677471,9283,54,33,,0,2017,8,13,6,32,1
2017-08-14,760922.4060808,8043,54,33,47.59,0,2017,8,14,0,33,0
2017-08-15,762661.935939,10605,54,33,47.57,1,2017,8,15,1,33,0
